, U(m/s), V(m/s),PM2.5_IAQI,PM10_IAQI,SO2_IAQI,NO2_IAQI,CO_IAQI,O3_IAQI,AQI,首要污染物,指数类别,城市,degree,direction
0,0.8,-3.34,20.185714285714287,17.71,6.06,4.75,8.25,30.26,30.26,O3_IAQI,优,西安市,13.469778229564167,south
1,0.11,-5.6,19.1,17.39,7.28,6.4,9.75,28.295,28.295,O3_IAQI,优,西安市,1.1253080964383038,south
2,-1.17,-6.18,20.114285714285717,18.43,8.55,6.925,10.75,28.37,28.37,O3_IAQI,优,西安市,10.720380246249768,north
3,0.23,-5.55,19.942857142857143,18.07,8.36,6.8375,10.0,30.07,30.07,O3_IAQI,优,西安市,2.373061819818263,south
4,1.55,-3.47,18.7,16.71,6.29,5.6000000000000005,8.75,30.555,30.555,O3_IAQI,优,西安市,24.069640988741327,southwest
5,2.6,-5.17,20.614285714285717,19.25,8.66,7.6125,11.0,28.395,28.395,O3_IAQI,优,西安市,26.697885049240764,southwest
6,0.77,-4.24,23.000000000000004,21.71,10.89,8.7375,13.25,28.27,28.27,O3_IAQI,优,西安市,10.29295444330104,south
7,1.11,-2.69,24.02857142857143,22.51,11.61,8.575000000000001,13.5,28.235,28.235,O3_IAQI,优,西安市,22.42297300996852,south
8,2.59,-2.47,23.27142857142857,22.13,12.3,8.5375,12.75,27.64,27.64,O3_IAQI,优,西安市,46.35853853806039,southwest
9,2.86,-3.43,23.37142857142857,22.96,13.91,9.6875,12.5,26.75,26.75,O3_IAQI,优,西安市,39.82199763410673,southwest
10,2.44,-4.95,22.82857142857143,22.69,14.73,10.45,12.0,25.935,25.935,O3_IAQI,优,西安市,26.240038085727573,southwest
11,3.28,-5.12,22.5,22.48,15.11,11.35,11.5,27.32,27.32,O3_IAQI,优,西安市,32.64464013491648,southwest
12,2.9,-2.75,30.500000000000004,31.35,17.02,14.475,21.0,27.46,31.35,PM10_IAQI,优,西安市,46.52076966114377,southwest
13,2.33,-1.09,36.31428571428572,38.12,20.42,15.7875,25.5,27.585,38.12,PM10_IAQI,优,西安市,64.92928241418855,southwest
14,3.01,-0.29,39.05714285714286,41.96,22.65,16.65,26.75,27.29,41.96,PM10_IAQI,优,西安市,84.49679443151138,west
15,3.45,-0.22,43.55714285714286,48.24,27.49,22.4875,28.5,25.485,48.24,PM10_IAQI,优,西安市,86.35129640029933,west
16,3.55,0.08,46.94285714285714,52.185,35.15,29.5625,28.5,24.295,52.185,PM10_IAQI,良,西安市,88.70904600520637,east
17,4.17,0.17,46.2,52.885000000000005,42.41,33.4625,25.5,25.13,52.885000000000005,PM10_IAQI,良,西安市,87.66549356333515,east
18,4.8,-0.37,44.18571428571428,52.8,37.98,32.325,21.75,24.42,52.8,PM10_IAQI,良,西安市,85.59216675285403,west
19,4.56,-0.81,39.614285714285714,49.87,29.74,25.575000000000003,17.0,24.635,49.87,PM10_IAQI,优,西安市,79.92752216256106,west
20,4.0,-1.32,37.28571428571429,46.19,24.23,21.45,15.0,25.93,46.19,PM10_IAQI,优,西安市,71.73711005780586,west
21,5.56,-3.54,39.18571428571428,47.13,22.52,21.75,17.25,25.775,47.13,PM10_IAQI,优,西安市,57.515473806782715,southwest
22,4.51,-0.52,34.51428571428571,35.9,18.92,17.575,25.0,23.97,35.9,PM10_IAQI,优,西安市,83.4228774100785,west
23,4.4,0.05,41.614285714285714,43.86,22.72,19.7,32.0,23.74,43.86,PM10_IAQI,优,西安市,89.34893961977052,east
24,4.44,0.56,47.82857142857142,50.535,25.71,21.2375,37.25,23.665,50.535,PM10_IAQI,良,西安市,82.81146285726335,east
25,4.38,0.73,55.3875,55.96,32.99,29.575,43.5,23.0,55.96,PM10_IAQI,良,西安市,80.53767779197439,east
26,3.98,1.47,64.025,63.095,45.98,40.15,48.5,22.185,64.025,PM2.5_IAQI,良,西安市,69.72845562321052,east
27,4.2,2.07,67.9625,68.21000000000001,53.57,46.65,46.75,22.04,68.21000000000001,PM10_IAQI,良,西安市,63.76328780469274,southeast
28,4.96,1.89,62.475,66.545,50.595,45.8125,38.5,22.58,66.545,PM10_IAQI,良,西安市,69.14073849132551,east
29,4.29,1.3,56.4125,63.395,41.97,38.775,30.5,23.175,63.395,PM10_IAQI,良,西安市,73.14160123226172,east
30,2.99,1.11,51.5625,60.415,36.05,33.5125,24.5,23.92,60.415,PM10_IAQI,良,西安市,69.63318785955533,east
31,3.58,-1.09,51.0375,58.93,32.16,31.6375,23.25,24.015,58.93,PM10_IAQI,良,西安市,73.06611861538201,west
32,5.41,-4.79,47.58571428571429,54.125,26.75,27.8625,23.5,25.16,54.125,PM10_IAQI,良,西安市,48.47840492412743,southwest
33,3.64,1.28,82.25,71.67,55.45,57.475,73.25,19.88,82.25,PM2.5_IAQI,良,西安市,70.62586023134241,east
34,3.52,2.32,79.325,75.095,55.58,58.95,63.0,19.615,79.325,PM2.5_IAQI,良,西安市,56.61148642388849,southeast
35,3.43,2.32,69.225,70.83,50.67,52.0,48.0,21.43,70.83,PM10_IAQI,良,西安市,55.92617545639398,southeast
36,2.8,2.98,62.1625,67.675,43.26,44.35,36.5,22.165,67.675,PM10_IAQI,良,西安市,43.21627884614414,southeast
37,2.81,2.32,58.337500000000006,64.22,37.54,40.2375,31.0,23.35,64.22,PM10_IAQI,良,西安市,50.4561435786254,southeast
38,2.81,1.6,104.2125,85.32,61.44,68.1,97.75,14.855,104.2125,PM2.5_IAQI,轻度污染,西安市,60.343029304594864,southeast
39,3.01,2.66,90.55,81.53999999999999,55.07,67.17500000000001,74.0,17.545,90.55,PM2.5_IAQI,良,西安市,48.53229458389089,southeast
40,3.22,3.69,76.875,75.185,50.64,57.175,54.0,19.65,76.875,PM2.5_IAQI,良,西安市,41.1088851705337,southeast
41,1.45,0.34,105.1125,81.8,45.75,55.7,92.5,19.125,105.1125,PM2.5_IAQI,轻度污染,西安市,76.80353680778153,east
42,1.98,1.84,101.3375,84.03,45.91,58.1,79.75,19.19,101.3375,PM2.5_IAQI,轻度污染,西安市,47.09890593320355,southeast
43,2.86,3.19,91.2875,81.285,45.04,56.9875,64.75,19.41,91.2875,PM2.5_IAQI,良,西安市,41.877869537884294,southeast
44,1.16,0.37,99.4125,77.41,36.23,47.5875,75.75,20.61,99.4125,PM2.5_IAQI,良,西安市,72.3091103799667,east
45,1.93,1.63,98.4,80.075,37.47,49.3125,68.75,20.015,98.4,PM2.5_IAQI,良,西安市,49.81691529649263,southeast
46,0.21,-0.57,55.5625,44.54,11.85,3.7875,9.5,38.595,55.5625,PM2.5_IAQI,良,西安市,20.22485943116808,south
47,0.37,-0.92,57.7875,47.76,13.27,6.800000000000001,10.75,36.73,57.7875,PM2.5_IAQI,良,西安市,21.908704828181914,south
48,-0.18,-0.73,60.625,50.665,15.04,9.425,12.0,35.615,60.625,PM2.5_IAQI,良,西安市,13.851419013804989,north
49,0.11,-0.63,61.1625,51.09,15.34,10.2,12.0,35.79,61.1625,PM2.5_IAQI,良,西安市,9.904183212973878,south
50,1.01,0.09,59.1625,48.4,13.91,5.9750000000000005,11.0,37.22,59.1625,PM2.5_IAQI,良,西安市,84.90788487550104,east
51,1.09,-1.06,61.075,50.765,15.82,9.325,12.0,35.135,61.075,PM2.5_IAQI,良,西安市,45.799424113317556,southwest
52,0.42,-0.76,63.825,52.510000000000005,17.19,12.725,12.75,33.445,63.825,PM2.5_IAQI,良,西安市,28.926425835253607,southwest
53,0.73,-0.03,63.9875,52.81,17.41,13.0,12.75,33.91,63.9875,PM2.5_IAQI,良,西安市,87.64670313389169,west
54,1.43,-0.16,64.275,53.185,17.58,14.2625,12.75,33.53,64.275,PM2.5_IAQI,良,西安市,83.61583606048755,west
55,0.91,-0.3,66.5375,54.705,18.58,17.6625,13.5,32.38,66.5375,PM2.5_IAQI,良,西安市,71.75414547242175,west
56,0.41,-0.57,67.675,55.59,20.22,19.975,14.249999999999998,32.14,67.675,PM2.5_IAQI,良,西安市,35.7273982227997,southwest
57,1.0,-0.65,69.0125,56.68,22.74,23.0875,15.5,31.595,69.0125,PM2.5_IAQI,良,西安市,56.97613244420335,southwest
58,1.09,-1.28,69.5625,56.05,21.86,22.2375,14.249999999999998,28.845,69.5625,PM2.5_IAQI,良,西安市,40.41647019088298,southwest
59,1.12,-0.47,71.7875,57.27,22.11,24.65,14.249999999999998,28.355,71.7875,PM2.5_IAQI,良,西安市,67.23499089248853,southwest
60,1.62,-0.21,72.92500000000001,58.115,22.27,26.7625,14.249999999999998,28.045,72.92500000000001,PM2.5_IAQI,良,西安市,82.61395684873273,west
61,1.47,0.39,74.67500000000001,59.865,23.86,33.4,15.5,26.715,74.67500000000001,PM2.5_IAQI,良,西安市,75.14138555207535,east
62,1.39,0.87,77.0375,62.23,28.22,40.975,17.75,25.375,77.0375,PM2.5_IAQI,良,西安市,57.95758009409313,southeast
63,1.72,0.49,78.975,64.245,34.19,45.5125,21.0,24.385,78.975,PM2.5_IAQI,良,西安市,74.09861006547257,east
64,1.65,0.43,80.025,65.14500000000001,32.86,42.4375,23.5,25.68,80.025,PM2.5_IAQI,良,西安市,75.393262645553,east
65,1.31,0.69,76.0,62.635,27.5,31.9375,22.25,28.37,76.0,PM2.5_IAQI,良,西安市,62.223436191131476,southeast
66,1.21,0.74,74.6875,61.36,24.77,26.55,21.25,29.91,74.6875,PM2.5_IAQI,良,西安市,58.55128472694636,southeast
67,1.57,-0.37,75.625,61.28,23.63,24.875,21.25,29.975,75.625,PM2.5_IAQI,良,西安市,76.73914079581515,west
68,1.34,-0.75,81.76249999999999,61.43,27.69,33.7,18.5,23.4,81.76249999999999,PM2.5_IAQI,良,西安市,60.76419543129998,southwest
69,1.43,-0.4,86.15,63.47,28.14,36.3875,19.0,23.21,86.15,PM2.5_IAQI,良,西安市,74.37261626087893,west
70,1.52,-0.15,90.65,65.745,28.94,39.575,19.75,22.58,90.65,PM2.5_IAQI,良,西安市,84.36405930170655,west
71,1.6,0.07,98.8375,70.46000000000001,32.91,49.3125,22.5,19.33,98.8375,PM2.5_IAQI,良,西安市,87.49490713275861,east
72,1.73,0.22,110.7875,77.5,42.13,52.875,28.25,16.315,110.7875,PM2.5_IAQI,轻度污染,西安市,82.75273110651231,east
73,2.1,0.47,116.15,81.89,50.71,54.587500000000006,35.0,15.275,116.15,PM2.5_IAQI,轻度污染,西安市,77.38455559350157,east
74,2.29,0.75,105.65,77.94,46.43,61.25,35.25,17.705,105.65,PM2.5_IAQI,轻度污染,西安市,71.86581366132148,east
75,1.71,1.25,93.6625,72.16,37.71,51.75,32.0,22.19,93.6625,PM2.5_IAQI,良,西安市,53.833414651219,southeast
76,0.62,1.57,83.175,66.275,30.1,36.05,26.5,26.955,83.175,PM2.5_IAQI,良,西安市,21.549284471193815,south
77,0.52,0.49,80.63749999999999,64.295,27.28,29.475,24.75,28.345,80.63749999999999,PM2.5_IAQI,良,西安市,46.701354605326124,southeast
78,0.75,-0.42,77.5625,61.965,24.35,24.637500000000003,22.5,29.625,77.5625,PM2.5_IAQI,良,西安市,60.75117366345303,southwest
79,0.58,-0.48,133.325,85.86500000000001,54.555,58.525,45.0,11.34,133.325,PM2.5_IAQI,轻度污染,西安市,50.38931175997341,southwest
80,0.99,0.44,129.38750000000002,86.71000000000001,54.6,66.1125,46.75,13.22,129.38750000000002,PM2.5_IAQI,轻度污染,西安市,66.03751102542182,southeast
81,1.16,1.43,107.1125,77.25999999999999,44.8,58.625,37.75,18.87,107.1125,PM2.5_IAQI,轻度污染,西安市,39.04857772112062,southeast
82,0.53,2.1,93.7125,70.935,35.91,45.5,31.5,23.215,93.7125,PM2.5_IAQI,良,西安市,14.16456526795991,south
83,0.36,1.7,87.6875,67.50999999999999,30.75,36.325,27.750000000000004,25.86,87.6875,PM2.5_IAQI,良,西安市,11.95658424314913,south
84,-0.41,-0.35,146.125,92.67,58.12,70.8125,53.75,11.465,146.125,PM2.5_IAQI,轻度污染,西安市,49.51398845800127,northwest
85,0.33,1.16,127.05,85.61,52.010000000000005,66.1125,45.75,15.235,127.05,PM2.5_IAQI,轻度污染,西安市,15.880138777075272,south
86,0.9,2.19,108.5375,77.345,43.58,55.35,37.25,19.395,108.5375,PM2.5_IAQI,轻度污染,西安市,22.34064795999414,south
87,-1.0,-0.9,146.47500000000002,92.955,50.385000000000005,64.6125,49.25,14.26,146.47500000000002,PM2.5_IAQI,轻度污染,西安市,48.01278750418334,northwest
88,-0.48,0.05,143.46249999999998,93.275,50.98,63.2875,48.5,15.015,143.46249999999998,PM2.5_IAQI,轻度污染,西安市,84.0531369460265,east
89,0.5,0.91,132.3,88.765,49.0,60.825,44.5,16.265,132.3,PM2.5_IAQI,轻度污染,西安市,28.78661831001404,southeast
90,-1.22,-1.02,147.5125,94.465,45.78,56.375,44.5,15.815,147.5125,PM2.5_IAQI,轻度污染,西安市,50.10216525235819,northwest
91,-0.82,-0.5,147.625,95.675,48.77,57.9,44.75,15.56,147.625,PM2.5_IAQI,轻度污染,西安市,58.626994859891546,northwest
92,0.49,-3.65,39.74285714285715,42.97,5.65,5.175,8.5,40.785,42.97,PM10_IAQI,优,西安市,7.6460481453184554,south
93,1.39,-3.24,41.34285714285715,48.36,5.99,6.2875000000000005,9.5,39.08,48.36,PM10_IAQI,优,西安市,23.219929722908486,southwest
94,1.8,-1.13,44.68571428571429,52.61,6.57,7.2375,10.75,37.45,52.61,PM10_IAQI,良,西安市,57.88031114902487,southwest
95,1.87,-0.64,46.24285714285714,53.68,6.52,7.9875,10.75,36.41,53.68,PM10_IAQI,良,西安市,71.10669471907755,west
96,0.82,-3.35,40.642857142857146,45.28,5.92,5.8,9.0,40.405,45.28,PM10_IAQI,优,西安市,13.754199011525621,south
97,1.7,-3.43,42.7,51.775,6.58,7.524999999999999,10.75,38.395,51.775,PM10_IAQI,良,西安市,26.36424903362504,southwest
98,1.92,-1.28,46.3,56.58,7.12,8.7125,12.75,36.605,56.58,PM10_IAQI,良,西安市,56.309932474020215,southwest
99,2.51,0.77,46.14285714285714,56.325,6.85,8.4875,12.0,35.67,56.325,PM10_IAQI,良,西安市,72.94540525052244,east
100,3.78,0.78,46.25714285714286,56.705,6.69,8.425,11.75,34.91,56.705,PM10_IAQI,良,西安市,78.340707346477,east
101,4.26,-0.17,46.92857142857143,57.81,6.8,9.0625,11.75,34.295,57.81,PM10_IAQI,良,西安市,87.7147612688216,west
102,3.9,-0.48,48.04285714285714,58.515,7.01,10.3875,11.5,33.465,58.515,PM10_IAQI,良,西安市,82.98349825527708,west
103,4.06,-0.61,48.9,58.985,7.32,12.025,11.25,32.755,58.985,PM10_IAQI,良,西安市,81.45543316678197,west
104,1.97,-0.64,63.7125,85.02000000000001,11.12,19.4375,27.0,33.235,85.02000000000001,PM10_IAQI,良,西安市,72.00241504459872,west
105,2.75,1.47,61.975,84.505,10.04,17.224999999999998,25.25,33.005,84.505,PM10_IAQI,良,西安市,61.87347065467541,southeast
106,3.89,1.96,61.4375,84.555,9.42,15.95,23.75,32.79,84.555,PM10_IAQI,良,西安市,63.25847367406917,southeast
107,4.47,1.92,63.5125,88.285,10.63,20.5,24.5,30.585,88.285,PM10_IAQI,良,西安市,66.75501615275564,southeast
108,4.43,2.28,65.9875,91.28,13.72,29.3125,24.75,27.845,91.28,PM10_IAQI,良,西安市,62.76635696906562,southeast
109,4.74,1.77,68.475,93.345,17.97,40.9875,24.5,25.65,93.345,PM10_IAQI,良,西安市,69.52347697711718,east
110,4.96,1.36,66.875,89.255,17.19,41.325,21.25,24.67,89.255,PM10_IAQI,良,西安市,74.66671520694645,east
111,4.4,1.98,60.5,78.475,13.7,32.05,16.25,26.49,78.475,PM10_IAQI,良,西安市,65.77225468204584,southeast
112,4.06,2.36,55.7625,69.1,11.29,24.825,12.75,28.5,69.1,PM10_IAQI,良,西安市,59.83138585094245,southeast
113,5.12,0.66,54.587500000000006,64.91499999999999,10.19,22.2125,11.25,29.47,64.91499999999999,PM10_IAQI,良,西安市,82.65472224883591,east
114,3.46,0.36,78.475,109.575,14.54,27.0,39.75,29.91,109.575,PM10_IAQI,轻度污染,西安市,84.05996274769936,east
115,3.67,1.15,85.375,123.56,14.16,27.5,44.5,28.885,123.56,PM10_IAQI,轻度污染,西安市,72.60153937178463,east
116,4.15,1.74,88.375,129.16,13.54,26.525,44.75,28.115,129.16,PM10_IAQI,轻度污染,西安市,67.2528113070722,southeast
117,4.56,1.98,93.825,136.325,16.27,34.3125,47.0,25.49,136.325,PM10_IAQI,轻度污染,西安市,66.52900688183912,southeast
118,4.48,2.96,99.3,142.18,23.56,52.325,49.25,21.16,142.18,PM10_IAQI,轻度污染,西安市,56.54669054592732,southeast
119,4.77,3.54,100.6625,140.81,30.48,71.5875,46.75,17.455,140.81,PM10_IAQI,轻度污染,西安市,53.41947251759658,southeast
120,5.13,3.29,91.9375,126.49,28.2,69.67500000000001,37.75,17.84,126.49,PM10_IAQI,轻度污染,西安市,57.32691050473939,southeast
121,4.08,3.28,78.01249999999999,105.145,21.99,54.900000000000006,27.0,20.71,105.145,PM10_IAQI,轻度污染,西安市,51.20344790169184,southeast
122,2.55,3.82,63.0,80.06,15.41,36.3875,16.75,25.755,80.06,PM10_IAQI,良,西安市,33.72466642244641,southeast
123,3.38,1.89,60.8625,73.225,13.69,31.6375,14.000000000000002,27.82,73.225,PM10_IAQI,良,西安市,60.78731915762978,southeast
124,5.05,-0.58,60.35,70.82,12.36,28.5875,13.0,28.29,70.82,PM10_IAQI,良,西安市,83.44820194881933,west
125,3.85,2.17,137.95,191.91,46.77,105.37,76.0,10.63,191.91,PM10_IAQI,中度污染,西安市,60.59281093926634,southeast
126,3.74,3.31,123.0875,170.045,45.15,104.865,61.5,10.68,170.045,PM10_IAQI,中度污染,西安市,48.49031233844625,southeast
127,3.11,3.8,95.9875,129.15,32.36,82.2,40.0,15.725,129.15,PM10_IAQI,轻度污染,西安市,39.29761660302493,southeast
128,2.24,5.02,72.1,92.255,20.96,51.150000000000006,22.25,22.095,92.255,PM10_IAQI,良,西安市,24.04715205224689,southeast
129,2.7,4.58,66.0875,80.64,17.1,40.6125,16.75,25.05,80.64,PM10_IAQI,良,西安市,30.52018516563938,southeast
130,3.55,2.63,148.625,210.7428571428571,61.57,113.655,81.25,7.155,210.7428571428571,PM10_IAQI,重度污染,西安市,53.46728503184093,southeast
131,3.4,4.51,117.925,159.34,50.635000000000005,106.485,56.25,10.14,159.34,PM10_IAQI,中度污染,西安市,37.011919471330216,southeast
132,3.46,6.13,87.8,114.26,33.24,78.63749999999999,33.75,16.62,114.26,PM10_IAQI,轻度污染,西安市,29.441998940270917,southeast
133,2.88,1.17,133.6,187.56,51.18,101.25,71.25,13.18,187.56,PM10_IAQI,中度污染,西安市,67.89055165624833,east
134,3.48,3.52,124.775,173.73,49.77,104.225,62.74999999999999,11.255,173.73,PM10_IAQI,中度污染,西安市,44.67259910915561,southeast
135,4.28,5.3,103.35,139.63,39.81,93.3375,45.75,13.74,139.63,PM10_IAQI,轻度污染,西安市,38.92251058336102,southeast
136,2.35,1.1,119.225,161.13,40.88,87.3375,57.49999999999999,17.03,161.13,PM10_IAQI,中度污染,西安市,64.91640599380908,southeast
137,3.52,2.86,112.325,150.515,39.03,87.8875,51.5,15.86,150.515,PM10_IAQI,中度污染,西安市,50.9061411137705,southeast
138,3.29,-1.3,29.5,25.38,3.46,4.387499999999999,8.5,38.39,38.39,O3_IAQI,优,西安市,68.43920129664734,west
139,0.77,-1.8,32.52857142857143,31.23,4.16,7.4375,13.25,36.28,36.28,O3_IAQI,优,西安市,23.16016276655091,southwest
140,-0.37,-3.44,36.82857142857143,38.31,4.61,10.65,18.0,36.275,38.31,PM10_IAQI,优,西安市,6.139026413988978,north
141,0.97,-3.42,36.285714285714285,37.48,4.23,10.525,18.0,36.12,37.48,PM10_IAQI,优,西安市,15.8347009468544,south
142,3.6,-3.03,31.057142857142857,28.49,4.08,5.9875,10.5,37.81,37.81,O3_IAQI,优,西安市,49.913798762374746,southwest
143,0.93,-3.68,35.871428571428574,37.48,5.26,10.5875,17.25,36.01,37.48,PM10_IAQI,优,西安市,14.182686035974017,south
144,-0.65,-3.02,40.54285714285714,45.14,5.6,14.1,23.25,35.18,45.14,PM10_IAQI,优,西安市,12.146573277683917,north
145,-0.1,-2.27,39.94285714285714,44.3,5.18,13.8375,23.0,34.625,44.3,PM10_IAQI,优,西安市,2.5224122834394676,north
146,0.78,-2.44,39.75714285714285,44.97,5.25,14.75,24.0,33.99,44.97,PM10_IAQI,优,西安市,17.727629454377755,south
147,0.94,-3.31,39.5,46.74,5.56,16.375,25.75,33.14,46.74,PM10_IAQI,优,西安市,15.85390571199552,south
148,1.11,-4.41,38.17142857142857,48.25,5.91,17.450000000000003,26.75,32.205,48.25,PM10_IAQI,优,西安市,14.127916636919693,south
149,2.08,-4.63,38.471428571428575,50.705,6.53,19.025,28.5,32.21,50.705,PM10_IAQI,良,西安市,24.191716715391387,southwest
150,-0.16,-1.28,46.00000000000001,53.86,7.5,20.875,34.25,33.0,53.86,PM10_IAQI,良,西安市,7.125016348901799,north
151,-0.36,-0.44,47.7,56.260000000000005,7.58,22.925,39.75,32.46,56.260000000000005,PM10_IAQI,良,西安市,39.28940686250036,northwest
152,-0.25,-0.21,47.71428571428572,57.57,7.81,24.5125,43.25,31.82,57.57,PM10_IAQI,良,西安市,49.96974072811031,northwest
153,0.02,-0.32,49.52857142857143,62.9,9.24,29.45,52.25,29.48,62.9,PM10_IAQI,良,西安市,3.5763343749973515,south
154,0.65,-0.45,50.7625,68.295,10.88,32.6625,59.5,27.685,68.295,PM10_IAQI,良,西安市,55.30484646876604,southwest
155,1.27,-0.85,51.1625,70.065,12.0,34.075,59.75,27.17,70.065,PM10_IAQI,良,西安市,56.20594750740257,southwest
156,1.76,-1.41,51.3375,68.16499999999999,10.87,33.175,50.5,27.15,68.16499999999999,PM10_IAQI,良,西安市,51.30051323458465,southwest
157,2.17,-1.59,47.52857142857143,60.925,8.59,28.525,38.25,28.625,60.925,PM10_IAQI,良,西安市,53.76906225314761,southwest
158,3.18,-2.42,43.27142857142857,55.49,7.49,25.0625,30.0,29.12,55.49,PM10_IAQI,良,西安市,52.72863699595162,southwest
159,4.67,-4.38,40.0,52.375,7.48,24.225,20.75,29.55,52.375,PM10_IAQI,良,西安市,46.83536932197493,southwest
160,-0.84,0.36,54.3,62.62,9.33,29.475,45.0,29.685,62.62,PM10_IAQI,良,西安市,66.80140948635182,northeast
161,-0.78,0.33,57.625,68.995,10.4,35.3375,54.75,28.645,68.995,PM10_IAQI,良,西安市,67.06789956241022,northeast
162,-0.59,0.5,59.225,74.655,11.76,39.9125,61.25,27.695,74.655,PM10_IAQI,良,西安市,49.72013693104356,northeast
163,-0.02,0.65,61.5625,84.36500000000001,14.65,46.75,73.0,25.515,84.36500000000001,PM10_IAQI,良,西安市,1.7623910236605125,north
164,0.69,0.57,64.17500000000001,95.99,18.42,54.125,85.0,22.895,95.99,PM10_IAQI,良,西安市,50.440332031005504,southeast
165,1.09,0.85,64.6,98.9,20.05,58.2,83.75,22.065,98.9,PM10_IAQI,良,西安市,52.052306007841196,southeast
166,1.38,0.48,60.7625,87.41,16.68,52.2875,61.75000000000001,23.91,87.41,PM10_IAQI,良,西安市,70.82099197418928,east
167,1.38,0.39,54.45,72.825,12.71,43.45,40.5,26.465,72.825,PM10_IAQI,良,西安市,74.21924669048461,east
168,1.03,-0.32,47.44285714285714,60.475,9.83,33.4,26.0,27.955,60.475,PM10_IAQI,良,西安市,72.74104570709592,west
169,2.78,-3.84,41.41428571428571,55.115,8.72,30.2,20.0,28.32,55.115,PM10_IAQI,良,西安市,35.90297207419972,southwest
170,4.34,-6.09,38.68571428571428,51.055,8.37,27.65,14.249999999999998,28.84,51.055,PM10_IAQI,良,西安市,35.47533202821,southwest
171,-0.6,-0.33,68.5375,97.885,23.57,84.01249999999999,63.75,21.775,97.885,PM10_IAQI,良,西安市,61.18920625702695,northwest
172,-0.85,-0.08,65.05,90.345,21.8,72.6875,48.25,22.215,90.345,PM10_IAQI,良,西安市,84.62329457194926,west
173,-0.94,-0.27,57.1375,74.03,15.92,57.1,29.5,25.635,74.03,PM10_IAQI,良,西安市,73.97413255155026,west
174,-1.44,-0.55,48.94285714285714,62.36,12.28,42.525000000000006,20.75,27.065,62.36,PM10_IAQI,良,西安市,69.09592091666735,west
175,-0.33,-2.32,41.885714285714286,55.475,10.04,36.150000000000006,15.5,27.225,55.475,PM10_IAQI,良,西安市,8.09552433812874,north
176,-1.85,-0.9,65.125,91.785,28.33,94.95,47.0,20.95,94.95,NO2_IAQI,良,西安市,64.05770451012835,northwest
177,-2.09,-0.77,58.337500000000006,76.995,20.74,71.925,28.000000000000004,24.26,76.995,PM10_IAQI,良,西安市,69.77514056883192,west
178,-2.16,-0.46,51.925,65.99000000000001,16.3,56.6,18.5,25.96,65.99000000000001,PM10_IAQI,良,西安市,77.9777233138165,west
179,-1.42,-0.68,63.525,85.68,24.31,97.875,37.5,23.265,97.875,NO2_IAQI,良,西安市,64.41148685868356,northwest
180,-1.97,-0.34,59.05,77.05,20.94,82.58749999999999,25.25,24.735,82.58749999999999,NO2_IAQI,良,西安市,80.20785375708252,west
181,-2.15,0.03,55.3125,70.08,18.54,71.725,17.5,25.645,71.725,NO2_IAQI,良,西安市,89.20057588668246,east
182,-1.27,-0.38,57.85,73.005,19.0,82.78750000000001,23.25,26.07,82.78750000000001,NO2_IAQI,良,西安市,73.34215444342135,west
183,-1.45,-0.16,56.125,68.94,18.34,76.8375,17.25,26.59,76.8375,NO2_IAQI,良,西安市,83.7031812810156,west
184,-0.51,-1.06,24.071428571428573,19.32,2.5,2.2625,4.25,43.865,43.865,O3_IAQI,优,西安市,25.69369965939962,northwest
185,0.08,-0.82,24.6,19.95,2.59,2.875,4.5,44.635,44.635,O3_IAQI,优,西安市,5.572197803963797,south
186,0.27,0.52,23.34285714285714,19.16,2.6,3.6125,4.75,45.785,45.785,O3_IAQI,优,西安市,27.439727948199312,southeast
187,-0.46,0.95,22.95714285714286,19.21,2.65,4.6125,5.0,45.95,45.95,O3_IAQI,优,西安市,25.83675422400157,northeast
188,-0.71,-0.27,25.1,20.71,2.77,2.725,4.5,43.91,43.91,O3_IAQI,优,西安市,69.17910714668918,west
189,0.21,-0.19,25.72857142857143,21.67,3.01,3.7375,5.0,44.025,44.025,O3_IAQI,优,西安市,47.86240522611174,southwest
190,0.28,0.47,24.57142857142857,21.03,3.06,4.85,5.25,44.32,44.32,O3_IAQI,优,西安市,30.784146526326452,southeast
191,-0.31,1.12,24.142857142857142,21.37,3.14,6.2875000000000005,5.5,43.33,43.33,O3_IAQI,优,西安市,15.47132816552014,north
192,-0.4,1.09,24.24285714285714,22.31,3.54,8.6625,5.75,41.19,41.19,O3_IAQI,优,西安市,20.151747034211887,north
193,-0.35,2.03,24.47142857142857,23.55,4.48,11.9125,6.0,38.79,38.79,O3_IAQI,优,西安市,9.782407031807287,north
194,-0.64,1.97,25.12857142857143,25.38,5.71,14.4375,6.5,39.565,39.565,O3_IAQI,优,西安市,17.99758495540128,north
195,-0.51,1.66,25.614285714285717,26.37,5.91,15.15,6.75,40.31,40.31,O3_IAQI,优,西安市,17.078471654873795,north
196,0.18,0.37,26.88571428571429,25.5,4.58,10.5875,6.75,40.22,40.22,O3_IAQI,优,西安市,25.942295489871672,southeast
197,0.01,0.86,26.15714285714285,25.86,4.58,13.075,7.249999999999999,38.46,38.46,O3_IAQI,优,西安市,0.6661999701831415,south
198,-0.13,0.6,26.242857142857144,27.22,5.06,16.924999999999997,7.75,35.61,35.61,O3_IAQI,优,西安市,12.225122675735753,north
199,-0.11,1.56,27.228571428571428,31.77,7.55,26.075,8.75,29.69,31.77,PM10_IAQI,优,西安市,4.033411072770195,north
200,-0.0,1.76,28.35714285714286,37.84,11.4,35.05,10.5,27.08,37.84,PM10_IAQI,优,西安市,0.0,north
201,0.14,1.14,28.12857142857143,39.03,13.0,39.075,11.5,27.665,39.075,NO2_IAQI,优,西安市,7.00126755749534,south
202,0.32,1.48,26.942857142857143,34.14,9.7,30.675,10.25,30.845,34.14,PM10_IAQI,优,西安市,12.200468727380786,south
203,0.53,2.01,24.957142857142856,26.87,6.15,18.65,8.0,35.99,35.99,O3_IAQI,优,西安市,14.771621492167517,south
204,-0.25,2.14,23.857142857142858,22.3,4.37,11.775,6.5,42.075,42.075,O3_IAQI,优,西安市,6.663229622120631,north
205,-0.94,1.89,22.642857142857142,18.55,2.95,6.75,5.25,47.0,47.0,O3_IAQI,优,西安市,26.443661995327222,northeast
206,0.23,0.32,39.32857142857143,39.47,7.95,18.5625,9.5,32.945,39.47,PM10_IAQI,优,西安市,35.706691400602885,southeast
207,0.34,0.5,38.54285714285714,40.04,7.35,21.475,10.25,31.39,40.04,PM10_IAQI,优,西安市,34.21570213243741,southeast
208,0.32,0.48,38.114285714285714,41.42,7.35,25.6875,10.75,29.3,41.42,PM10_IAQI,优,西安市,33.69006752597979,southeast
209,0.49,0.98,35.81428571428572,44.46,10.21,37.0125,12.0,24.365,44.46,PM10_IAQI,优,西安市,26.565051177077994,southeast
210,0.5,0.98,35.75714285714286,52.215,16.13,54.4875,15.75,17.49,54.4875,NO2_IAQI,良,西安市,27.030860259842985,southeast
211,0.46,0.74,33.142857142857146,54.875,21.28,67.07499999999999,19.25,11.915,67.07499999999999,NO2_IAQI,良,西安市,31.86597769360368,southeast
212,0.73,0.77,28.742857142857144,46.94,15.74,53.8875,15.75,18.365,53.8875,NO2_IAQI,良,西安市,43.47247455778707,southeast
213,0.58,1.67,26.557142857142857,35.53,9.93,34.3875,11.5,27.06,35.53,PM10_IAQI,优,西安市,19.152389779403745,south
214,0.06,1.68,27.6,31.04,7.57,24.637500000000003,9.25,33.15,33.15,O3_IAQI,优,西安市,2.0454084888872277,south
215,-1.23,1.21,26.54285714285714,24.51,4.71,14.35,7.249999999999999,41.245,41.245,O3_IAQI,优,西安市,45.469627019689646,northeast
216,-1.53,1.48,27.4,23.23,3.72,11.8375,6.25,44.72,44.72,O3_IAQI,优,西安市,45.95166960817861,northeast
217,0.61,0.47,48.12857142857143,66.22999999999999,26.61,70.30000000000001,25.25,10.425,70.30000000000001,NO2_IAQI,良,西安市,52.38604315126727,southeast
218,0.15,0.85,36.285714285714285,58.1,24.05,69.88749999999999,22.75,9.875,69.88749999999999,NO2_IAQI,良,西安市,10.00797980144134,south
219,0.55,1.4,31.02857142857143,46.69,15.06,49.7375,15.0,21.785,49.7375,NO2_IAQI,优,西安市,21.447736327105353,south
220,0.14,1.54,31.285714285714285,39.5,11.33,35.4,12.0,27.645,39.5,PM10_IAQI,优,西安市,5.194428907734806,south
221,-0.33,0.51,33.98571428571429,36.81,8.67,28.075000000000003,10.25,31.64,36.81,PM10_IAQI,优,西安市,32.9052429229879,northeast
222,0.72,1.25,52.275,73.89,36.08,72.875,30.75,6.33,73.89,PM10_IAQI,良,西安市,29.94194253027297,southeast
223,1.07,1.64,41.0,60.41,25.36,72.82499999999999,22.25,10.855,72.82499999999999,NO2_IAQI,良,西安市,33.12199767524138,southeast
224,1.0,1.85,36.07142857142857,51.655,18.08,52.0,16.25,19.965,52.0,NO2_IAQI,良,西安市,28.393019421382988,southeast
225,0.97,1.15,58.1,73.475,25.24,73.5,27.0,9.08,73.5,NO2_IAQI,良,西安市,40.14690361300763,southeast
226,1.51,1.63,50.1875,66.38499999999999,22.95,71.3,24.75,10.085,71.3,NO2_IAQI,良,西安市,42.81141743959679,southeast
227,1.58,1.9,42.142857142857146,57.59,18.34,59.25,20.0,15.45,59.25,NO2_IAQI,良,西安市,39.74619724873775,southeast
228,1.21,0.82,57.4125,68.06,17.27,60.9125,23.25,15.225,68.06,PM10_IAQI,良,西安市,55.87505824799412,southeast
229,1.68,1.18,52.8125,64.17,16.87,57.9125,22.5,14.87,64.17,PM10_IAQI,良,西安市,54.916526120907264,southeast
230,2.74,5.01,51.6125,45.6,7.21,2.3125,6.5,50.99166666666667,51.6125,PM2.5_IAQI,良,西安市,28.674522006300176,southeast
231,4.49,6.97,50.5,45.51,7.39,2.6500000000000004,7.249999999999999,49.095,50.5,PM2.5_IAQI,良,西安市,32.78920445265028,southeast
232,3.06,8.32,49.68571428571429,45.9,7.56,3.1375,8.0,47.595,49.68571428571429,PM2.5_IAQI,优,西安市,20.19293978014548,south
233,2.01,8.86,49.25714285714285,46.48,7.5,3.7875,8.75,46.14,49.25714285714285,PM2.5_IAQI,优,西安市,12.781903465256033,south
234,4.04,8.96,50.1,44.16,6.94,2.0875,6.75,50.141666666666666,50.141666666666666,O3_IAQI,良,西安市,24.270273259309466,southeast
235,5.45,8.86,48.114285714285714,43.46,7.23,2.2625,7.249999999999999,49.19,49.19,O3_IAQI,优,西安市,31.59667674325773,southeast
236,4.29,10.01,46.84285714285714,43.54,7.56,2.6750000000000003,8.0,48.125,48.125,O3_IAQI,优,西安市,23.198590513648192,southeast
237,3.15,10.96,46.04285714285714,43.98,7.72,3.2125,8.75,46.915,46.915,O3_IAQI,优,西安市,16.035114586165342,south
238,2.28,10.17,45.3,44.83,8.0,3.8125,9.5,45.435,45.435,O3_IAQI,优,西安市,12.636136549292843,south
239,0.66,9.62,45.25714285714286,46.47,8.42,4.45,10.25,44.115,46.47,PM10_IAQI,优,西安市,3.9247453524473928,south
240,-0.43,9.98,46.10000000000001,48.38,8.6,5.1875,11.0,43.275,48.38,PM10_IAQI,优,西安市,2.4671299107676194,north
241,0.45,10.06,45.77142857142857,49.03,8.71,5.45,11.0,43.63,49.03,PM10_IAQI,优,西安市,2.561225127460293,south
242,2.68,7.42,43.68571428571428,44.36,8.16,4.7125,9.0,48.19,48.19,O3_IAQI,优,西安市,19.85900929443891,south
243,2.67,8.12,41.42857142857143,43.93,8.27,5.237500000000001,9.75,46.76,46.76,O3_IAQI,优,西安市,18.201781935976097,south
244,1.88,7.36,40.6,46.03,8.63,6.375,10.75,44.965,46.03,PM10_IAQI,优,西安市,14.328939667661652,south
245,1.09,8.6,40.34285714285714,50.025,9.09,9.1375,12.0,42.315,50.025,PM10_IAQI,良,西安市,7.2233921792807765,south
246,0.83,10.52,39.31428571428572,50.34,9.45,10.425,12.5,41.73,50.34,PM10_IAQI,良,西安市,4.511139693329249,south
247,0.83,9.81,38.8,50.6,10.03,11.7875,13.0,42.925,50.6,PM10_IAQI,良,西安市,4.836137366310872,south
248,0.58,10.62,40.21428571428572,50.765,9.82,9.8875,12.75,42.33,50.765,PM10_IAQI,良,西安市,3.126042504954985,south
249,-0.37,10.93,40.385714285714286,49.13,9.62,7.675,12.0,43.415,49.13,PM10_IAQI,优,西安市,1.938823988869559,north
250,-1.75,10.65,41.614285714285714,48.26,9.35,7.15,11.5,43.915,48.26,PM10_IAQI,优,西安市,9.331410525293776,north
251,-1.59,8.24,44.67142857142857,50.085,9.08,7.7875,11.5,43.155,50.085,PM10_IAQI,良,西安市,10.921628625702853,north
252,0.47,3.84,42.85714285714286,52.735,10.13,12.1,12.25,43.725,52.735,PM10_IAQI,良,西安市,6.978057313654555,south
253,0.78,4.06,40.51428571428571,53.73,9.65,13.7125,13.0,41.74,53.73,PM10_IAQI,良,西安市,10.875058247994117,south
254,0.69,3.51,39.885714285714286,56.61,9.95,17.0625,14.499999999999998,39.14,56.61,PM10_IAQI,良,西安市,11.121460194890352,south
255,0.75,4.85,38.9,60.205,10.81,25.1875,16.75,35.635,60.205,PM10_IAQI,良,西安市,8.790543182813947,south
256,0.92,6.17,37.3,62.17,11.43,32.325,18.75,33.505,62.17,PM10_IAQI,良,西安市,8.480808934699837,south
257,0.63,5.16,38.31428571428572,65.345,12.41,39.5625,21.25,31.78,65.345,PM10_IAQI,良,西安市,6.96096302624856,south
258,0.15,7.04,37.74285714285715,58.645,11.18,26.1875,17.25,36.555,58.645,PM10_IAQI,良,西安市,1.220606068575265,south
259,-0.65,8.37,37.4,52.465,10.07,13.4625,13.750000000000002,40.655,52.465,PM10_IAQI,良,西安市,4.44058057466404,north
260,-2.3,9.51,38.51428571428572,48.43,9.46,8.675,12.0,43.2,48.43,PM10_IAQI,优,西安市,13.595952391411153,north
261,-3.24,8.68,42.58571428571428,48.61,9.19,8.2125,11.5,44.26,48.61,PM10_IAQI,优,西安市,20.469189632482177,north
262,-1.98,6.6,45.47142857142857,50.765,8.7,10.45,11.5,41.445,50.765,PM10_IAQI,良,西安市,16.69924423399362,north
263,-0.34,2.47,43.58571428571429,73.315,13.64,56.3625,27.250000000000004,23.27,73.315,PM10_IAQI,良,西安市,7.837613677898447,north
264,-0.89,4.31,41.31428571428572,66.265,12.39,44.8,21.5,29.47,66.265,PM10_IAQI,良,西安市,11.667388136268574,north
265,-1.04,6.34,37.75714285714286,55.23,10.47,18.7375,15.0,38.635,55.23,PM10_IAQI,良,西安市,9.315711014419923,north
266,-1.63,8.38,37.57142857142858,50.33,9.49,10.8625,12.5,41.92,50.33,PM10_IAQI,良,西安市,11.007200871516032,north
267,-2.92,9.49,39.77142857142857,47.93,8.97,9.2125,11.75,43.075,47.93,PM10_IAQI,优,西安市,17.10272896905237,north
268,-0.86,3.89,47.37142857142857,71.495,13.85,51.925,25.5,20.89,71.495,PM10_IAQI,良,西安市,12.466411023213574,north
269,-0.54,6.06,39.51428571428571,59.09,11.25,28.700000000000003,17.0,33.32,59.09,PM10_IAQI,良,西安市,5.092115124498963,north
270,-0.26,7.9,37.02857142857143,52.185,10.01,15.2375,13.5,39.455,52.185,PM10_IAQI,良,西安市,1.8850034925427268,north
271,-0.76,3.55,44.871428571428574,68.545,11.63,49.0,22.25,21.775,68.545,PM10_IAQI,良,西安市,12.083734418526872,north
272,0.01,5.23,41.91428571428572,62.195,10.99,35.9375,18.75,29.405,62.195,PM10_IAQI,良,西安市,0.10955202617651363,south
273,0.56,6.54,38.2,55.105,10.06,21.3875,15.0,35.75,55.105,PM10_IAQI,良,西安市,4.894122744414065,south
274,-0.29,3.72,44.3,63.9,10.46,41.150000000000006,19.5,26.62,63.9,PM10_IAQI,良,西安市,4.457591027492811,north
275,0.37,4.6,42.385714285714286,60.115,10.18,30.8,17.5,30.26,60.115,PM10_IAQI,良,西安市,4.59867319352311,south
276,0.18,5.02,24.985714285714284,18.77,4.45,1.825,4.75,34.855,34.855,O3_IAQI,优,西安市,2.0535505635109885,south
277,1.31,5.63,25.21428571428571,19.0,4.62,2.05,5.25,35.475,35.475,O3_IAQI,优,西安市,13.098628725530569,south
278,0.62,6.22,24.542857142857144,18.51,4.77,2.375,5.5,35.335,35.335,O3_IAQI,优,西安市,5.692351883893384,south
279,0.55,6.62,24.414285714285715,18.4,4.7,2.4,5.75,35.095,35.095,O3_IAQI,优,西安市,4.749315955429486,south
280,1.36,5.97,25.3,19.51,4.58,1.5875,5.0,36.23,36.23,O3_IAQI,优,西安市,12.833299684967,south
281,1.69,5.55,25.1,19.81,4.77,2.0,5.75,36.275,36.275,O3_IAQI,优,西安市,16.93572869063405,south
282,1.1,5.76,23.61428571428572,18.69,4.84,2.425,6.0,35.785,35.785,O3_IAQI,优,西安市,10.811720861406574,south
283,0.72,4.67,25.085714285714285,21.81,5.28,3.55,7.5,38.315,38.315,O3_IAQI,优,西安市,8.764600163612426,south
284,-0.03,3.31,29.1,28.89,6.37,5.9375,10.25,44.17,44.17,O3_IAQI,优,西安市,0.5192828765891614,north
285,-0.94,3.86,29.485714285714288,30.62,6.87,6.9,11.25,45.305,45.305,O3_IAQI,优,西安市,13.686456729810281,north
286,-0.9,5.31,26.985714285714288,26.28,6.43,5.637499999999999,10.25,41.855,41.855,O3_IAQI,优,西安市,9.619727799698854,north
287,-0.04,5.76,25.42857142857143,23.53,6.03,4.65,9.75,39.1,39.1,O3_IAQI,优,西安市,0.3978809618345933,north
288,-1.04,1.89,29.04285714285714,30.41,7.26,8.0125,11.5,45.555,45.555,O3_IAQI,优,西安市,28.82242976627229,northeast
289,-0.99,0.55,30.34285714285714,35.08,8.14,11.4625,14.249999999999998,49.725,49.725,O3_IAQI,优,西安市,60.945395900922854,northeast
290,-1.15,0.24,31.685714285714287,38.89,9.17,14.5875,16.25,52.325,52.325,O3_IAQI,良,西安市,78.21181670089237,east
291,-1.13,1.1,30.285714285714285,40.66,10.13,17.4125,18.0,50.35833333333334,50.35833333333334,O3_IAQI,良,西安市,45.77074874539198,northeast
292,-0.81,1.63,28.685714285714283,42.46,11.69,20.05,20.75,48.16,48.16,O3_IAQI,优,西安市,26.424275589318913,northeast
293,-0.6,2.23,26.714285714285715,38.48,11.64,18.625,20.25,45.985,45.985,O3_IAQI,优,西安市,15.059273656594316,north
294,-0.51,2.87,24.67142857142857,31.05,9.09,13.5875,17.25,40.855,40.855,O3_IAQI,优,西安市,10.076297471186733,north
295,-0.72,3.43,21.97142857142857,23.85,7.08,8.1375,13.750000000000002,37.705,37.705,O3_IAQI,优,西安市,11.85497940749614,north
296,-1.72,4.43,22.47142857142857,21.99,6.3,6.0375,12.0,36.8,36.8,O3_IAQI,优,西安市,21.21929185827462,north
297,-1.86,3.43,24.8,22.98,5.74,6.237500000000001,11.25,34.95,34.95,O3_IAQI,优,西安市,28.469828049388454,northeast
298,-1.66,0.51,38.94285714285714,46.49,10.57,15.9125,18.0,53.96666666666667,53.96666666666667,O3_IAQI,良,西安市,72.92152834512622,east
299,-1.37,0.29,40.04285714285714,50.21,11.17,19.4,20.25,57.775,57.775,O3_IAQI,良,西安市,78.04812486997523,east
300,-1.36,0.24,41.05714285714286,53.065,12.27,23.55,23.0,58.48333333333334,58.48333333333334,O3_IAQI,良,西安市,79.99202019855866,east
301,-1.33,0.22,40.17142857142857,55.64,14.47,30.2,27.0,54.24999999999999,55.64,PM10_IAQI,良,西安市,80.60755065918107,east
302,-1.39,-0.29,37.31428571428572,56.97,16.56,35.9875,31.25,47.77,56.97,PM10_IAQI,良,西安市,78.21525149373721,west
303,-1.47,-0.15,31.47142857142857,53.785,15.98,34.8125,32.0,43.55,53.785,PM10_IAQI,良,西安市,84.17365797044424,west
304,-0.98,0.37,24.757142857142856,38.05,11.25,22.3125,24.0,39.915,39.915,O3_IAQI,优,西安市,69.31591973205319,east
305,-0.66,1.12,20.02857142857143,25.34,7.91,11.8375,17.0,37.545,37.545,O3_IAQI,优,西安市,30.510237406115554,northeast
306,-1.69,2.65,20.02857142857143,21.76,6.9,9.2125,14.249999999999998,36.25,36.25,O3_IAQI,优,西安市,32.52711787534535,northeast
307,-2.52,3.7,25.01428571428572,24.86,6.55,8.425,13.25,37.265,37.265,O3_IAQI,优,西安市,34.25803682217165,northeast
308,-1.67,2.7,26.2,24.38,5.53,9.9625,11.75,32.785,32.785,O3_IAQI,优,西安市,31.73755847658018,northeast
309,-1.64,-0.79,36.04285714285714,58.205,15.38,40.525000000000006,30.5,40.91,58.205,PM10_IAQI,良,西安市,64.27954286834157,northwest
310,-1.55,-0.52,29.82857142857143,49.8,12.93,31.6625,27.250000000000004,36.98,49.8,PM10_IAQI,优,西安市,71.45422775723222,west
311,-1.21,0.07,22.257142857142856,30.57,9.37,16.65,20.25,35.37,35.37,O3_IAQI,优,西安市,86.68905848538856,east
312,-1.23,1.07,21.371428571428574,25.19,8.2,12.65,16.75,35.28,35.28,O3_IAQI,优,西安市,48.9793824526782,northeast
313,-1.67,2.79,24.04285714285714,25.96,7.59,12.2375,15.75,35.27,35.27,O3_IAQI,优,西安市,30.90331796850619,northeast
314,-2.27,-1.06,39.58571428571429,58.255,15.32,40.212500000000006,30.0,33.69,58.255,PM10_IAQI,良,西安市,64.96929032262278,northwest
315,-1.99,-0.78,33.628571428571426,50.665,12.78,28.1,26.5,31.18,50.665,PM10_IAQI,良,西安市,68.59681714720628,west
316,-1.25,-0.34,31.371428571428574,43.91,12.15,24.2125,24.0,31.075,43.91,PM10_IAQI,优,西安市,74.78367328797702,west
317,-2.52,-1.13,39.58571428571429,56.73,13.03,35.625,26.0,30.215,56.73,PM10_IAQI,良,西安市,65.84793009389472,northwest
318,-2.4,-0.96,38.6,54.98,13.61,34.75,26.25,28.44,54.98,PM10_IAQI,良,西安市,68.19859051364818,west
319,-1.58,-0.95,40.971428571428575,55.065,15.31,36.6125,27.750000000000004,27.105,55.065,PM10_IAQI,良,西安市,58.98294508375304,northwest
320,-2.6,-1.07,38.71428571428572,54.88,14.0,34.8,24.75,28.09,54.88,PM10_IAQI,良,西安市,67.63094944771122,west
321,-2.19,-1.16,41.72857142857143,55.78,16.58,38.7875,26.5,26.08,55.78,PM10_IAQI,良,西安市,62.09070971613174,northwest
322,0.99,0.63,28.242857142857144,25.47,6.01,3.475,5.25,33.845,33.845,O3_IAQI,优,西安市,57.528807709151515,southeast
323,1.16,0.2,27.15714285714286,26.27,6.08,4.0125,5.75,33.625,33.625,O3_IAQI,优,西安市,80.21759296819272,east
324,0.1,-0.63,26.228571428571428,27.51,6.21,4.8,6.5,33.77,33.77,O3_IAQI,优,西安市,9.019322431381685,south
325,0.65,-0.36,27.08571428571429,29.31,6.23,5.25,6.75,34.09,34.09,O3_IAQI,优,西安市,61.02029230207123,southwest
326,2.36,0.23,27.700000000000003,25.83,6.07,4.45,5.25,31.545,31.545,O3_IAQI,优,西安市,84.43366785730903,east
327,2.35,-0.84,24.757142857142856,25.69,6.27,4.8875,6.0,31.25,31.25,O3_IAQI,优,西安市,70.33073233598294,west
328,1.32,-1.43,22.82857142857143,27.46,6.73,6.2125,6.75,31.48,31.48,O3_IAQI,优,西安市,42.70938995736147,southwest
329,1.98,-1.03,23.328571428571426,29.63,6.83,6.6875,7.249999999999999,32.255,32.255,O3_IAQI,优,西安市,62.516457898443775,southwest
330,3.12,-1.19,23.4,30.48,6.78,6.7875,7.249999999999999,32.185,32.185,O3_IAQI,优,西安市,69.1226358664209,west
331,3.13,-1.64,24.057142857142857,31.56,6.68,7.075,7.5,32.05,32.05,O3_IAQI,优,西安市,62.34718498253793,southwest
332,3.06,-1.29,25.85714285714286,32.96,6.61,6.9,7.75,32.515,32.96,PM10_IAQI,优,西安市,67.14123812013436,southwest
333,3.58,-0.44,26.685714285714287,32.96,6.57,6.487500000000001,7.75,32.93,32.96,PM10_IAQI,优,西安市,82.99320035991946,west
334,5.08,-2.56,20.84285714285714,32.44,8.29,9.625,8.0,30.66,32.44,PM10_IAQI,优,西安市,63.25477400955379,southwest
335,4.86,-1.75,20.52857142857143,37.09,8.53,10.625,8.75,30.795,37.09,PM10_IAQI,优,西安市,70.19694908959809,west
336,5.49,-1.06,20.742857142857144,41.0,8.78,11.4,9.25,30.845,41.0,PM10_IAQI,优,西安市,79.07189975845571,west
337,5.95,-0.11,21.32857142857143,45.87,9.3,13.6875,10.5,29.315,45.87,PM10_IAQI,优,西安市,88.9408709480947,west
338,5.8,0.99,22.62857142857143,48.5,10.17,15.925,11.75,28.25,48.5,PM10_IAQI,优,西安市,80.31355462295691,east
339,5.7,1.07,24.5,50.035,11.15,17.9125,12.75,28.29,50.035,PM10_IAQI,良,西安市,79.36820707345699,east
340,5.32,0.58,25.142857142857142,49.72,10.37,17.4125,13.25,27.145,49.72,PM10_IAQI,优,西安市,83.7780412259975,east
341,3.9,0.25,24.9,46.14,8.92,14.2625,12.25,28.08,46.14,PM10_IAQI,优,西安市,86.33221194446858,east
342,2.99,-0.14,26.357142857142858,41.96,7.79,11.575,11.0,30.525,41.96,PM10_IAQI,优,西安市,87.31921241897825,west
343,3.98,-0.89,27.857142857142858,38.89,7.14,9.925,10.25,31.38,38.89,PM10_IAQI,优,西安市,77.39500113959794,west
344,9.25,-1.87,18.957142857142856,30.64,8.74,9.8375,8.0,28.39,30.64,PM10_IAQI,优,西安市,78.57099916140577,west
345,9.0,-1.48,19.58571428571429,36.63,9.14,11.2875,9.0,28.015,36.63,PM10_IAQI,优,西安市,80.66160502376403,west
346,8.65,-0.46,20.04285714285714,41.39,9.48,12.725,10.0,27.68,41.39,PM10_IAQI,优,西安市,86.95592422663641,west
347,8.24,0.55,20.914285714285715,47.56,10.5,16.2625,11.75,26.63,47.56,PM10_IAQI,优,西安市,86.18131012105486,east
348,7.42,1.67,22.714285714285715,52.39,12.21,21.425,14.249999999999998,25.115,52.39,PM10_IAQI,良,西安市,77.31594169950658,east
349,7.04,2.05,25.414285714285715,55.49,13.43,26.0,16.5,23.83,55.49,PM10_IAQI,良,西安市,73.7648002672488,east
350,6.88,1.84,25.81428571428572,55.24,12.46,24.775,16.5,23.43,55.24,PM10_IAQI,良,西安市,75.02712423321309,east
351,5.33,1.48,25.42857142857143,53.695,10.94,21.6125,15.75,23.295,53.695,PM10_IAQI,良,西安市,74.48143339838164,east
352,3.55,1.68,25.15714285714286,47.9,9.17,16.2375,13.25,26.32,47.9,PM10_IAQI,优,西安市,64.67464122300133,southeast
353,3.36,1.12,27.571428571428573,41.98,8.11,12.8625,11.5,29.37,41.98,PM10_IAQI,优,西安市,71.56505117707799,east
354,4.33,-0.54,29.485714285714288,40.78,7.48,12.4125,11.0,29.46,40.78,PM10_IAQI,优,西安市,82.8912701144211,west
355,5.94,2.59,30.6,59.895,13.86,32.7625,18.75,21.375,59.895,PM10_IAQI,良,西安市,66.44150152214831,southeast
356,5.44,3.14,31.242857142857144,60.445,14.0,33.6375,20.0,19.28,60.445,PM10_IAQI,良,西安市,60.006204955187286,southeast
357,5.12,3.23,28.5,56.21,12.03,25.9375,17.25,20.97,56.21,PM10_IAQI,良,西安市,57.75383748645111,southeast
358,4.27,4.08,26.485714285714284,51.260000000000005,10.19,19.6625,14.75,23.39,51.260000000000005,PM10_IAQI,良,西安市,46.30351135968947,southeast
359,3.71,4.14,26.92857142857143,44.76,8.84,15.3625,12.75,26.035,44.76,PM10_IAQI,优,西安市,41.864638478745505,southeast
360,5.05,3.56,41.92857142857143,64.755,17.36,46.2625,25.75,12.55,64.755,PM10_IAQI,良,西安市,54.81805813058225,southeast
361,5.18,4.21,35.728571428571435,60.285,14.45,36.3875,21.75,15.1,60.285,PM10_IAQI,良,西安市,50.897813844079394,southeast
362,5.2,5.02,30.34285714285714,54.845,12.26,26.9375,17.75,18.65,54.845,PM10_IAQI,良,西安市,46.009018993957035,southeast
363,3.35,2.24,38.85714285714285,53.66,12.75,33.325,21.0,14.885,53.66,PM10_IAQI,良,西安市,56.23106703241252,southeast
364,4.23,3.59,37.25714285714285,53.615,12.37,32.4875,20.5,14.54,53.615,PM10_IAQI,良,西安市,49.678741148167695,southeast
365,5.07,4.26,33.614285714285714,53.155,11.78,28.025,18.5,16.025,53.155,PM10_IAQI,良,西安市,49.96179071019087,southeast
366,1.61,0.75,33.528571428571425,41.0,9.8,20.9,15.5,18.235,41.0,PM10_IAQI,优,西安市,65.02208323664476,southeast
367,2.84,1.87,32.385714285714286,41.76,9.71,20.45,15.0,18.24,41.76,PM10_IAQI,优,西安市,56.63706632263567,southeast
368,3.64,-1.18,51.6,44.85,8.73,3.85,6.75,40.38,51.6,PM2.5_IAQI,良,西安市,72.03855923581291,west
369,3.21,0.09,53.4875,47.7,8.77,4.4625,7.5,38.96,53.4875,PM2.5_IAQI,良,西安市,88.39399701071775,east
370,2.29,2.66,54.9375,49.89,8.71,4.6625,7.75,38.435,54.9375,PM2.5_IAQI,良,西安市,40.725234642229324,southeast
371,2.61,2.92,56.7125,51.09,8.65,5.4375,8.25,38.38,56.7125,PM2.5_IAQI,良,西安市,41.791478956388104,southeast
372,3.04,-1.26,52.212500000000006,46.36,8.61,4.387499999999999,7.000000000000001,40.11,52.212500000000006,PM2.5_IAQI,良,西安市,67.48727990979037,southwest
373,1.6,-1.46,54.1875,49.59,8.93,5.6625000000000005,8.0,39.12,54.1875,PM2.5_IAQI,良,西安市,47.61954879539468,southwest
374,0.92,0.75,54.2375,50.24,8.8,6.3375,8.25,38.48,54.2375,PM2.5_IAQI,良,西安市,50.81248238311273,southeast
375,1.88,2.44,54.2875,50.81,8.72,6.75,8.75,37.885,54.2875,PM2.5_IAQI,良,西安市,37.61395684873273,southeast
376,2.78,1.46,53.9,51.09,8.82,7.55,9.25,37.44,53.9,PM2.5_IAQI,良,西安市,62.29244939987768,southeast
377,2.55,0.51,54.1875,51.805,9.3,9.2375,9.5,36.76,54.1875,PM2.5_IAQI,良,西安市,78.6900675259798,east
378,1.83,1.15,56.8625,54.135000000000005,10.29,11.4125,10.25,36.73,56.8625,PM2.5_IAQI,良,西安市,57.854117368988945,southeast
379,1.76,2.04,59.4125,56.370000000000005,11.99,13.4,11.75,37.915,59.4125,PM2.5_IAQI,良,西安市,40.78582147726596,southeast
380,0.68,-0.28,73.1875,59.955,14.66,23.0375,12.0,31.815,73.1875,PM2.5_IAQI,良,西安市,67.61986494804043,west
381,0.91,0.94,70.35,59.425,14.32,23.2875,12.25,31.835,70.35,PM2.5_IAQI,良,西安市,44.070960680577954,southeast
382,1.25,0.74,70.05,60.395,14.66,24.700000000000003,13.0,31.605,70.05,PM2.5_IAQI,良,西安市,59.37446728130534,southeast
383,1.49,0.56,75.125,64.52000000000001,17.85,33.0625,15.0,29.185,75.125,PM2.5_IAQI,良,西安市,69.40182553836706,east
384,1.82,1.55,71.9375,65.46000000000001,19.82,34.9625,16.5,29.62,71.9375,PM2.5_IAQI,良,西安市,49.58067863450252,southeast
385,2.1,1.72,70.8,67.465,21.28,37.875,18.75,30.93,70.8,PM2.5_IAQI,良,西安市,50.68089081796597,southeast
386,2.11,2.08,70.65,68.305,18.08,31.9375,18.25,31.825,70.65,PM2.5_IAQI,良,西安市,45.41022530168354,southeast
387,1.8,2.9,66.36250000000001,64.97999999999999,15.07,22.8125,16.0,34.18,66.36250000000001,PM2.5_IAQI,良,西安市,31.82744657667311,southeast
388,1.92,3.38,65.14999999999999,63.115,13.34,17.224999999999998,14.249999999999998,35.64,65.14999999999999,PM2.5_IAQI,良,西安市,29.598625636273756,southeast
389,2.45,2.84,65.8875,62.455,11.87,14.2375,13.25,36.365,65.8875,PM2.5_IAQI,良,西安市,40.783553594924165,southeast
390,-0.19,0.18,106.8,73.97,25.29,50.2,18.25,23.265,106.8,PM2.5_IAQI,轻度污染,西安市,46.548157698977974,northeast
391,-0.07,0.14,110.325,75.68,27.1,54.1375,20.25,23.105,110.325,PM2.5_IAQI,轻度污染,西安市,26.565051177077994,northeast
392,0.13,0.25,112.9875,78.265,28.97,57.212500000000006,22.25,22.925,112.9875,PM2.5_IAQI,轻度污染,西安市,27.47443162627713,southeast
393,0.59,0.23,121.2875,83.93,36.07,61.3875,26.5,21.815,121.2875,PM2.5_IAQI,轻度污染,西安市,68.70264595096624,east
394,1.1,0.44,130.6875,91.04,45.3,67.45,33.25,20.705,130.6875,PM2.5_IAQI,轻度污染,西安市,68.19859051364818,east
395,1.46,0.86,129.025,96.99,43.13,73.6875,37.25,19.645,129.025,PM2.5_IAQI,轻度污染,西安市,59.50016676655257,southeast
396,1.97,1.1,116.425,94.89,32.13,73.9125,32.5,19.975,116.425,PM2.5_IAQI,轻度污染,西安市,60.822073277087796,southeast
397,1.96,1.86,95.7,84.69,22.6,59.275000000000006,24.75,23.6,95.7,PM2.5_IAQI,良,西安市,46.499547037977635,southeast
398,1.26,3.19,76.5625,73.24000000000001,15.66,30.825,18.0,31.355,76.5625,PM2.5_IAQI,良,西安市,21.553243070687515,south
399,1.42,3.05,74.17500000000001,70.285,13.51,22.450000000000003,15.75,34.23,74.17500000000001,PM2.5_IAQI,良,西安市,24.96545177930506,southeast
400,1.7,2.67,69.8625,65.36500000000001,11.17,15.4875,13.5,35.55,69.8625,PM2.5_IAQI,良,西安市,32.48507544529282,southeast
401,-0.08,-0.3,147.2625,101.54,47.47,84.875,48.0,18.79,147.2625,PM2.5_IAQI,轻度污染,西安市,14.931417178137552,north
402,0.34,0.39,145.6625,112.26,34.7,78.2625,43.75,17.61,145.6625,PM2.5_IAQI,轻度污染,西安市,41.08175113593262,southeast
403,1.03,1.28,119.55,100.495,24.75,75.1625,31.75,20.47,119.55,PM2.5_IAQI,轻度污染,西安市,38.823198817395784,southeast
404,0.97,3.13,91.5,84.60499999999999,17.46,46.3125,22.0,27.08,91.5,PM2.5_IAQI,良,西安市,17.21842592097957,south
405,1.24,3.68,83.775,78.67,14.97,33.0875,18.5,30.49,83.775,PM2.5_IAQI,良,西安市,18.621579366487577,south
406,-0.07,-0.12,147.1875,114.24,30.77,82.975,47.0,16.16,147.1875,PM2.5_IAQI,轻度污染,西安市,30.256437163529263,northwest
407,0.74,0.95,138.0125,112.62,24.69,86.15,38.25,17.02,138.0125,PM2.5_IAQI,轻度污染,西安市,37.91671400024744,southeast
408,1.28,2.51,110.4875,97.945,19.18,63.5375,27.500000000000004,22.055,110.4875,PM2.5_IAQI,轻度污染,西安市,27.019770038771142,southeast
409,-0.45,-0.64,127.4125,105.14,22.01,88.2875,38.0,16.595,127.4125,PM2.5_IAQI,轻度污染,西安市,35.1120111844222,northwest
410,0.06,0.09,130.825,113.345,20.06,80.60000000000001,35.5,17.465,130.825,PM2.5_IAQI,轻度污染,西安市,33.690067525979785,southeast
411,0.81,1.01,129.14999999999998,112.94,19.3,71.6125,32.0,18.54,129.14999999999998,PM2.5_IAQI,轻度污染,西安市,38.728922550498865,southeast
412,-0.64,-0.63,121.4625,106.96,18.32,74.0125,32.25,18.845,121.4625,PM2.5_IAQI,轻度污染,西安市,45.45113854678728,northwest
413,-0.53,-0.22,130.92499999999998,116.33,21.07,73.925,31.75,17.91,130.92499999999998,PM2.5_IAQI,轻度污染,西安市,67.45693899994212,northwest
414,0.03,-2.04,49.84285714285714,45.14,8.55,3.7375,6.5,40.19,49.84285714285714,PM2.5_IAQI,优,西安市,0.8425242607404145,south
415,0.51,-2.03,52.7625,48.82,9.48,4.175,7.000000000000001,40.105,52.7625,PM2.5_IAQI,良,西安市,14.102634839733499,south
416,0.32,-1.34,57.400000000000006,52.615,10.82,5.275,7.75,39.76,57.400000000000006,PM2.5_IAQI,良,西安市,13.431028870681667,south
417,0.07,-1.35,63.0375,56.57,11.99,6.262499999999999,8.0,39.765,63.0375,PM2.5_IAQI,良,西安市,2.968234029871715,south
418,0.78,-0.68,47.68571428571429,44.31,8.42,3.6875,6.25,39.66,47.68571428571429,PM2.5_IAQI,优,西安市,48.91824886406737,southwest
419,1.37,-0.92,49.84285714285714,47.16,9.46,4.175,6.75,39.335,49.84285714285714,PM2.5_IAQI,优,西安市,56.1173423438472,southwest
420,0.66,-0.2,53.375,51.075,11.02,5.550000000000001,7.75,38.775,53.375,PM2.5_IAQI,良,西安市,73.14160123226172,west
421,0.46,0.49,58.150000000000006,54.545,12.47,6.487500000000001,8.25,38.445,58.150000000000006,PM2.5_IAQI,良,西安市,43.191260677507934,southeast
422,0.74,0.21,64.21249999999999,59.95,14.53,7.7,8.75,37.935,64.21249999999999,PM2.5_IAQI,良,西安市,74.156917882313,east
423,0.56,-0.2,70.63749999999999,66.85499999999999,16.99,9.2625,9.25,37.69,70.63749999999999,PM2.5_IAQI,良,西安市,70.3461759419467,west
424,0.31,-1.2,77.07499999999999,73.045,18.72,10.5375,10.0,37.595,77.07499999999999,PM2.5_IAQI,良,西安市,14.48473356032297,south
425,0.89,-1.73,82.75,76.765,19.89,11.8125,10.5,37.305,82.75,PM2.5_IAQI,良,西安市,27.223594354641595,southwest
426,0.5,0.34,65.4375,55.735,15.08,13.3875,10.25,35.67,65.4375,PM2.5_IAQI,良,西安市,55.7842978675626,southeast
427,0.43,1.35,71.9125,59.43,17.2,14.4875,11.5,35.22,71.9125,PM2.5_IAQI,良,西安市,17.667640507832314,south
428,0.62,1.6,74.98750000000001,64.28999999999999,19.12,14.8375,11.75,35.205,74.98750000000001,PM2.5_IAQI,良,西安市,21.181349500266233,south
429,0.71,2.18,79.825,72.72,23.0,19.5125,13.25,33.545,79.825,PM2.5_IAQI,良,西安市,18.039811780414517,south
430,0.98,2.13,87.07499999999999,80.49000000000001,26.64,26.975,16.0,31.44,87.07499999999999,PM2.5_IAQI,良,西安市,24.7068703842653,southeast
431,1.61,1.37,93.675,86.16,27.38,34.95,18.75,30.31,93.675,PM2.5_IAQI,良,西安市,49.60448715698152,southeast
432,2.01,1.23,95.75,90.37,24.24,29.637500000000003,17.75,31.5,95.75,PM2.5_IAQI,良,西安市,58.535856369134244,southeast
433,1.74,1.55,95.3875,90.15,23.14,20.75,15.0,34.37,95.3875,PM2.5_IAQI,良,西安市,48.30520361672736,southeast
434,1.66,0.92,98.45,90.895,22.05,17.8125,14.000000000000002,35.695,98.45,PM2.5_IAQI,良,西安市,61.00404048588162,southeast
435,2.66,-1.22,104.7625,93.315,20.39,18.975,14.75,35.605,104.7625,PM2.5_IAQI,轻度污染,西安市,65.36160327538616,southwest
436,0.86,1.22,76.3875,59.915,20.08,21.5375,13.0,31.15,76.3875,PM2.5_IAQI,良,西安市,35.180699361242105,southeast
437,0.86,1.73,87.4,64.93,23.2,23.3625,14.75,30.515,87.4,PM2.5_IAQI,良,西安市,26.432422294725843,southeast
438,1.14,2.02,93.625,70.035,25.49,24.2125,15.5,30.48,93.625,PM2.5_IAQI,良,西安市,29.43848967467151,southeast
439,1.51,2.66,98.0375,77.715,30.18,30.925,17.75,29.0,98.0375,PM2.5_IAQI,良,西安市,29.582241645942823,southeast
440,1.75,2.86,105.1125,85.97,34.83,43.9375,22.5,26.055,105.1125,PM2.5_IAQI,轻度污染,西安市,31.461968144687166,southeast
441,2.17,2.46,113.35,94.455,34.21,59.8625,28.75,22.715,113.35,PM2.5_IAQI,轻度污染,西安市,41.41596147290264,southeast
442,2.44,2.26,114.0875,101.055,28.58,50.6875,26.5,25.455,114.0875,PM2.5_IAQI,轻度污染,西安市,47.19323457637555,southeast
443,1.51,2.89,108.05,101.06,27.16,33.337500000000006,20.5,30.875,108.05,PM2.5_IAQI,轻度污染,西安市,27.58667832978575,southeast
444,0.35,2.76,107.3375,100.625,25.47,25.0625,17.25,34.32,107.3375,PM2.5_IAQI,轻度污染,西安市,7.227193288313074,south
445,0.93,0.03,108.7875,98.445,22.08,22.9125,16.25,35.53,108.7875,PM2.5_IAQI,轻度污染,西安市,88.15238973400541,east
446,2.46,-3.19,109.7875,94.84,18.19,21.25,15.25,35.41,109.7875,PM2.5_IAQI,轻度污染,西安市,37.637967844189575,southwest
447,1.94,1.88,120.8125,88.41499999999999,35.38,77.725,38.0,16.38,120.8125,PM2.5_IAQI,轻度污染,西安市,45.8998597149044,southeast
448,1.55,2.3,127.6375,103.35,28.01,75.0375,36.75,17.745,127.6375,PM2.5_IAQI,轻度污染,西安市,33.97654403625687,southeast
449,1.15,3.17,119.9,107.575,26.59,46.5125,25.5,27.21,119.9,PM2.5_IAQI,轻度污染,西安市,19.939557673296218,south
450,0.33,3.5,114.025,105.69,25.15,31.9125,19.5,32.54,114.025,PM2.5_IAQI,轻度污染,西安市,5.386250270288207,south
451,0.4,1.62,111.7125,101.265,21.39,25.725,17.0,34.425,111.7125,PM2.5_IAQI,轻度污染,西安市,13.869686438505036,south
452,1.73,2.15,131.425,95.09,27.31,75.025,49.25,12.205,131.425,PM2.5_IAQI,轻度污染,西安市,38.821935097871666,southeast
453,1.57,3.3,128.15,106.73,23.18,71.05000000000001,34.5,20.26,128.15,PM2.5_IAQI,轻度污染,西安市,25.443123022883142,southeast
454,1.11,3.39,123.2375,108.46,22.67,46.4375,24.75,28.405,123.2375,PM2.5_IAQI,轻度污染,西安市,18.13018691250094,south
455,1.16,1.58,131.3625,93.835,23.42,74.7625,45.0,15.365,131.3625,PM2.5_IAQI,轻度污染,西安市,36.285267125138844,southeast
456,1.37,2.84,135.3875,105.595,21.29,77.25,39.0,19.21,135.3875,PM2.5_IAQI,轻度污染,西安市,25.752399582824257,southeast
457,1.21,2.61,133.475,109.355,20.6,58.0375,31.0,25.295,133.475,PM2.5_IAQI,轻度污染,西安市,24.872511306992028,southeast
458,-0.03,1.37,130.95000000000002,98.195,17.32,69.0,37.0,22.825,130.95000000000002,PM2.5_IAQI,轻度污染,西安市,1.2544516226815356,north
459,1.0,1.2,124.4375,97.79,17.44,57.3875,32.25,25.74,124.4375,PM2.5_IAQI,轻度污染,西安市,39.8055710922652,southeast
460,-0.21,2.61,47.8,44.98,10.07,7.512499999999999,11.25,33.165,47.8,PM2.5_IAQI,优,西安市,4.60009566626328,north
461,1.48,3.27,52.4625,50.49,11.52,10.2875,12.5,32.445,52.4625,PM2.5_IAQI,良,西安市,24.351478389288648,southeast
462,0.21,2.89,58.1625,54.355,13.89,16.35,14.249999999999998,31.37,58.1625,PM2.5_IAQI,良,西安市,4.156056601276426,south
463,-1.13,3.46,60.4875,55.805,15.08,16.225,15.0,30.805,60.4875,PM2.5_IAQI,良,西安市,18.086499203508037,north
464,0.77,4.84,47.94285714285715,45.96,9.98,8.5,11.5,32.73,47.94285714285715,PM2.5_IAQI,优,西安市,9.03948280335512,south
465,1.3,3.39,56.2625,53.28,12.82,16.5875,13.5,30.645,56.2625,PM2.5_IAQI,良,西安市,20.98086107402513,south
466,0.17,1.59,79.65,67.875,21.24,42.725,19.5,25.93,79.65,PM2.5_IAQI,良,西安市,6.102779653655784,south
467,-0.86,1.69,85.7875,71.22,25.14,46.0625,21.75,24.11,85.7875,PM2.5_IAQI,良,西安市,26.9704390786509,northeast
468,-1.21,2.03,80.6875,68.125,24.34,39.5,20.75,24.635,80.6875,PM2.5_IAQI,良,西安市,30.797441238636328,northeast
469,-1.41,2.45,79.725,68.285,24.6,38.525,20.75,24.585,79.725,PM2.5_IAQI,良,西安市,29.920866025038865,northeast
470,-1.49,2.27,80.9875,69.93,25.89,37.4125,21.25,24.605,80.9875,PM2.5_IAQI,良,西安市,33.280400905005834,northeast
471,-1.26,2.71,80.42500000000001,70.39,26.47,34.725,21.5,24.93,80.42500000000001,PM2.5_IAQI,良,西安市,24.9358200621076,northeast
472,-0.13,0.53,138.5125,100.775,36.13,78.86250000000001,34.5,17.47,138.5125,PM2.5_IAQI,轻度污染,西安市,13.781597235653626,north
473,-0.51,0.21,141.53750000000002,103.94,42.07,86.3875,38.25,14.31,141.53750000000002,PM2.5_IAQI,轻度污染,西安市,67.61986494804043,east
474,-0.8,0.32,131.6875,99.83,43.62,88.97500000000001,38.5,13.175,131.6875,PM2.5_IAQI,轻度污染,西安市,68.19859051364818,east
475,-0.77,0.44,128.4125,100.545,46.36,90.8625,41.5,10.715,128.4125,PM2.5_IAQI,轻度污染,西安市,60.255118703057775,northeast
476,-0.64,0.43,125.7875,102.13,50.095,92.4,46.25,8.895,125.7875,PM2.5_IAQI,轻度污染,西安市,56.103833436636094,northeast
477,-0.49,0.84,109.575,92.675,49.72,94.1125,44.5,11.2,109.575,PM2.5_IAQI,轻度污染,西安市,30.256437163529263,northeast
478,-0.12,1.14,99.0625,83.05,48.61,83.0875,37.5,16.13,99.0625,PM2.5_IAQI,良,西安市,6.009005957494526,north
479,-0.17,1.64,90.05000000000001,76.765,43.27,54.7875,29.0,21.005,90.05000000000001,PM2.5_IAQI,良,西安市,5.918060352107626,north
480,-2.05,3.07,82.35,73.695,33.38,34.9875,24.0,22.88,82.35,PM2.5_IAQI,良,西安市,33.733114685057494,northeast
481,-2.82,2.34,81.98750000000001,74.405,30.07,29.275,24.25,22.34,81.98750000000001,PM2.5_IAQI,良,西安市,50.31454566994475,northeast
482,-1.57,0.41,179.3571428571429,118.88,45.7,92.525,45.0,9.24,179.3571428571429,PM2.5_IAQI,中度污染,西安市,75.36427100016034,east
483,-0.98,-0.13,175.7857142857143,120.295,48.28,91.9875,46.5,7.555,175.7857142857143,PM2.5_IAQI,中度污染,西安市,82.44365594356054,west
484,-0.95,-0.41,168.25714285714287,120.805,51.04,87.375,48.5,6.42,168.25714285714287,PM2.5_IAQI,中度污染,西安市,66.65598903842249,northwest
485,-0.61,-0.94,167.9857142857143,125.37,53.68,75.7125,52.75,5.04,167.9857142857143,PM2.5_IAQI,中度污染,西安市,32.98099754545547,northwest
486,-0.27,-1.34,171.25714285714287,132.9,56.68,61.9375,60.25,3.82,171.25714285714287,PM2.5_IAQI,中度污染,西安市,11.392135831552729,north
487,0.02,-0.67,157.54285714285714,130.61,58.59,64.83749999999999,65.75,3.935,157.54285714285714,PM2.5_IAQI,中度污染,西安市,1.7098140441415308,south
488,0.75,-0.24,124.7125,108.015,59.76,100.0,57.49999999999999,6.975,124.7125,PM2.5_IAQI,轻度污染,西安市,72.25532837494308,west
489,0.57,0.23,97.025,85.36500000000001,54.945,90.7625,40.25,15.78,97.025,PM2.5_IAQI,良,西安市,68.02549200852805,east
490,-1.49,1.57,84.8125,77.845,47.85,57.8875,29.75,20.115,84.8125,PM2.5_IAQI,良,西安市,43.50241226098249,northeast
491,-3.02,2.62,79.1375,74.47,34.7,40.725,26.25,21.54,79.1375,PM2.5_IAQI,良,西安市,49.056737861294884,northeast
492,-1.64,1.33,77.30000000000001,73.035,28.25,34.1375,25.0,21.875,77.30000000000001,PM2.5_IAQI,良,西安市,50.958790563241166,northeast
493,-1.36,-2.2,164.6,133.54500000000002,61.885,65.77499999999999,62.0,4.16,164.6,PM2.5_IAQI,中度污染,西安市,31.723602957684026,northwest
494,-1.36,-1.37,131.86249999999998,115.005,66.095,97.275,56.00000000000001,6.96,131.86249999999998,PM2.5_IAQI,轻度污染,西安市,44.79012628843245,northwest
495,-1.89,-0.71,109.3,99.02,63.19,101.57,45.5,12.955,109.3,PM2.5_IAQI,轻度污染,西安市,69.41073983949205,west
496,-2.23,-0.3,98.575,91.355,59.445,82.95,37.25,16.09,98.575,PM2.5_IAQI,良,西安市,82.33804884502777,west
497,-2.56,1.27,91.1625,86.10499999999999,54.82,66.975,32.25,18.03,91.1625,PM2.5_IAQI,良,西安市,63.61427775068499,northeast
498,-3.35,-2.59,156.94285714285715,128.18,73.61500000000001,79.8625,56.99999999999999,6.035,156.94285714285715,PM2.5_IAQI,中度污染,西安市,52.29115940294314,northwest
499,-3.31,-1.88,148.925,124.385,75.75,97.85,53.25,7.715,148.925,PM2.5_IAQI,轻度污染,西安市,60.40447197706142,northwest
500,-2.4,-1.72,146.875,123.4,77.33,100.765,50.0,8.84,146.875,PM2.5_IAQI,轻度污染,西安市,54.37209270857909,northwest
501,-3.96,-3.21,162.57142857142856,128.95,75.455,88.14999999999999,54.0,7.235,162.57142857142856,PM2.5_IAQI,中度污染,西安市,50.97156589779643,northwest
502,-3.97,-3.04,167.77142857142857,133.965,80.88499999999999,92.6625,54.0,7.27,167.77142857142857,PM2.5_IAQI,中度污染,西安市,52.55716365647249,northwest
503,-3.33,-3.0,172.9714285714286,138.08499999999998,85.985,94.7875,53.25,7.05,172.9714285714286,PM2.5_IAQI,中度污染,西安市,47.98428214359338,northwest
504,-4.5,-3.58,170.67142857142858,134.6,82.255,93.6625,52.75,7.905,170.67142857142858,PM2.5_IAQI,中度污染,西安市,51.49580184541764,northwest
505,-4.7,-3.81,180.27142857142857,141.495,89.66,93.275,53.0,7.26,180.27142857142857,PM2.5_IAQI,中度污染,西安市,50.970451269813786,northwest
506,-0.13,1.37,165.9714285714286,103.625,31.47,24.3375,36.0,25.58,165.9714285714286,PM2.5_IAQI,中度污染,西安市,5.420595283762366,north
507,-0.47,-1.17,202.86,121.605,38.38,35.8,43.5,21.83,202.86,PM2.5_IAQI,重度污染,西安市,21.88579201667317,north
508,-0.94,-2.33,221.61,134.45999999999998,42.24,44.575,47.75,19.46,221.61,PM2.5_IAQI,重度污染,西安市,21.970797845811596,north
509,-0.55,-1.84,212.19,129.5,41.67,41.4875,47.0,19.99,212.19,PM2.5_IAQI,重度污染,西安市,16.64209135567977,north
510,0.49,1.42,186.74285714285716,112.805,35.54,31.175,39.25,24.475,186.74285714285716,PM2.5_IAQI,中度污染,西安市,19.038040017302542,south
511,0.64,-1.41,218.68,130.725,41.77,44.825,45.75,20.2,218.68,PM2.5_IAQI,重度污染,西安市,24.41333170502512,southwest
512,-0.1,-2.43,262.62,159.04,49.91,68.8375,53.5,15.775,262.62,PM2.5_IAQI,重度污染,西安市,2.3565213457893552,north
513,0.34,-1.38,268.07,164.38,51.365,74.26249999999999,54.5,14.765,268.07,PM2.5_IAQI,重度污染,西安市,13.840695491655623,south
514,0.79,-0.63,250.81,154.705,51.305,65.675,53.5,15.51,250.81,PM2.5_IAQI,重度污染,西安市,51.428747748829856,southwest
515,0.3,-0.57,248.11,154.455,51.915,62.95,55.25,15.585,248.11,PM2.5_IAQI,重度污染,西安市,27.758540601060027,southwest
516,-0.4,-1.33,237.72,149.325,50.835,57.65,55.00000000000001,16.43,237.72,PM2.5_IAQI,重度污染,西安市,16.738758558427644,north
517,-0.03,-1.18,233.36,147.135,50.67,52.0,56.25,17.6,233.36,PM2.5_IAQI,重度污染,西安市,1.4563586343396877,north
518,1.57,-2.31,329.4,197.74,56.0,91.9625,63.24999999999999,12.53,329.4,PM2.5_IAQI,严重污染,西安市,34.20213136539769,southwest
519,1.45,-1.32,351.22,237.0,58.79,91.7875,65.25,11.36,351.22,PM2.5_IAQI,严重污染,西安市,47.68700000212405,southwest
520,1.73,-0.75,359.42,259.8714285714286,61.21,89.17500000000001,67.25,10.385,359.42,PM2.5_IAQI,严重污染,西安市,66.56201347203147,southwest
521,1.68,-0.53,374.5,300.90000000000003,62.2,86.64999999999999,72.0,8.59,374.5,PM2.5_IAQI,严重污染,西安市,72.49075520974233,west
522,1.58,-0.18,388.35,341.76250000000005,62.48,85.11250000000001,78.75,7.55,388.35,PM2.5_IAQI,严重污染,西安市,83.50065372034544,west
523,1.87,0.23,372.55,334.0375,61.71,100.28,81.25,8.77,372.55,PM2.5_IAQI,严重污染,西安市,82.9881417255249,east
524,1.69,0.41,349.87,308.775,60.145,95.475,83.25,10.17,349.87,PM2.5_IAQI,严重污染,西安市,76.36330221395006,east
525,0.75,0.97,317.67,244.1571428571429,58.58,90.5125,79.5,12.59,317.67,PM2.5_IAQI,严重污染,西安市,37.711047676389875,southeast
526,0.03,0.98,298.69,201.77142857142857,57.825,87.0625,75.75,14.21,298.69,PM2.5_IAQI,重度污染,西安市,1.7534048600715397,south
527,0.98,-1.58,294.37,198.26,58.82,88.83749999999999,74.5,14.54,294.37,PM2.5_IAQI,重度污染,西安市,31.809389287793156,southwest
528,2.3,-0.54,346.89,220.82857142857145,58.465,87.7375,66.5,10.105,346.89,PM2.5_IAQI,严重污染,西安市,76.78725312166476,west
529,2.33,-0.47,366.59,258.01428571428573,60.805,84.275,67.75,9.11,366.59,PM2.5_IAQI,严重污染,西安市,78.59552012085298,west
530,2.1,-0.47,371.42,275.78571428571433,62.635,82.5625,69.75,8.15,371.42,PM2.5_IAQI,严重污染,西安市,77.38455559350157,west
531,1.83,-0.71,388.56,319.57500000000005,65.13,78.6125,74.5,6.385,388.56,PM2.5_IAQI,严重污染,西安市,68.7948353798778,west
532,1.66,-0.4,416.18,401.55,67.59,77.875,85.75,4.73,416.18,PM2.5_IAQI,严重污染,西安市,76.4520610119995,west
533,1.86,0.31,434.12,462.55,70.305,86.58749999999999,97.75,4.39,462.55,PM10_IAQI,严重污染,西安市,80.53767779197439,east
534,1.93,0.06,428.58,478.0700000000001,72.175,104.5,100.85,5.435,478.0700000000001,PM10_IAQI,严重污染,西安市,88.21935755400132,east
535,1.11,0.55,406.1066666666667,436.31,71.34,108.215,100.0,7.79,436.31,PM10_IAQI,严重污染,西安市,63.641791893699335,southeast
536,-0.27,1.09,351.94,329.6875,67.25,105.25,85.0,11.53,351.94,PM2.5_IAQI,严重污染,西安市,13.91249467652002,north
537,-0.19,-0.68,318.3,257.4857142857143,64.13499999999999,100.995,76.5,13.715,318.3,PM2.5_IAQI,严重污染,西安市,15.610988533679654,north
538,1.1,-2.84,288.57,197.905,60.555,96.0625,68.0,15.025,288.57,PM2.5_IAQI,重度污染,西安市,21.17257861942957,south
539,0.15,-0.37,402.14,398.775,67.745,101.095,92.75,4.02,402.14,PM2.5_IAQI,严重污染,西安市,22.067899562410215,south
540,-0.39,-0.44,419.29333333333335,466.8,76.43,107.96,101.75,4.425,466.8,PM10_IAQI,严重污染,西安市,41.5526131481348,northwest
541,-0.46,-0.41,410.68666666666667,451.66,80.39500000000001,115.665,101.6,5.565,451.66,PM10_IAQI,严重污染,西安市,48.28924267849184,northwest
542,-0.34,0.1,394.31,410.33,80.2,116.65,100.1,7.08,410.33,PM10_IAQI,严重污染,西安市,73.61045966596522,east
543,-0.29,0.14,333.74,299.48571428571427,72.53,110.845,80.25,10.99,333.74,PM2.5_IAQI,严重污染,西安市,64.23067237566129,northeast
544,-1.86,-1.3,430.5266666666667,-1.0,82.85499999999999,101.735,104.1,3.315,430.5266666666667,PM2.5_IAQI,严重污染,西安市,55.04934858812487,northwest
545,-1.56,-1.09,418.00666666666666,465.3,85.045,112.415,103.1,4.435,465.3,PM10_IAQI,严重污染,西安市,55.05730891496382,northwest
546,-0.83,-0.72,406.1333333333333,425.18,87.315,115.785,101.95,5.075,425.18,PM10_IAQI,严重污染,西安市,49.059346364799254,northwest
547,-2.14,-1.61,419.65333333333336,453.14,84.6,109.97,102.0,4.425,453.14,PM10_IAQI,严重污染,西安市,53.044522463335596,northwest
548,-2.05,-1.28,415.3066666666667,440.92,87.27000000000001,114.135,102.2,4.675,440.92,PM10_IAQI,严重污染,西安市,58.01974651816174,northwest
549,-1.72,-1.15,406.32666666666665,414.31,89.195,116.26,101.75,5.0,414.31,PM10_IAQI,严重污染,西安市,56.233128526037675,northwest
550,-1.92,-1.55,396.57,391.4500000000001,82.86500000000001,114.755,98.75,5.035,396.57,PM2.5_IAQI,严重污染,西安市,51.08635134558283,northwest
551,-2.04,-1.41,398.34,391.9125,86.94,116.77,100.35,5.0,398.34,PM2.5_IAQI,严重污染,西安市,55.348684087995466,northwest
