,Date,AQI,Type,rh,temp,psfc
0,2016-01-01,28.401585365853663,O3,44.88042276422764,268.76027642276426,88.77282520325204
1,2016-01-02,27.481788617886185,O3,50.03707317073171,269.50447154471544,88.8988924390244
2,2016-01-03,27.734073170731712,O3,54.52164227642276,269.29494308943094,88.89312881300812
3,2016-01-04,27.125552845528457,O3,60.923121951219514,266.27320325203254,89.01266957723578
4,2016-01-05,26.103439024390248,O3,53.51045528455285,265.39827642276424,88.82789939837399
5,2016-01-06,26.139975609756096,O3,56.538715447154466,265.83952845528455,89.22415208130082
6,2016-01-07,26.12419512195122,O3,53.11235772357723,266.790569105691,89.10453095934959
7,2016-01-08,26.475691056910566,O3,50.79741463414634,267.4860162601626,88.73096661788618
8,2016-01-09,29.57952845528456,O3,49.04208130081301,268.0634471544716,88.76741528455285
9,2016-01-10,26.076357723577235,O3,52.41130081300814,267.1862926829268,88.8109790894309
10,2016-01-11,24.13711382113821,O3,73.68731707317073,263.80852032520323,88.88695383739837
11,2016-01-12,25.203341463414638,O3,60.08900813008131,263.62564227642275,89.2212836097561
12,2016-01-13,27.617406504065038,O3,51.429219512195125,263.3182113821138,89.23660331707316
13,2016-01-14,29.71143089430894,O3,47.71310569105691,264.6871219512195,88.63706773983739
14,2016-01-15,27.10384552845528,O3,58.4620162601626,264.36617886178857,88.13007665040651
15,2016-01-16,27.668447154471547,PM10,53.34993495934959,261.46980487804876,88.55727289430895
16,2016-01-17,31.03176422764227,O3,42.971837398373985,262.811756097561,88.61304417886178
17,2016-01-18,30.620422764227637,O3,50.383723577235784,263.41092682926836,88.674216
18,2016-01-19,27.133186991869923,O3,81.00830894308943,262.11868292682925,88.80357304065042
19,2016-01-20,28.0760162601626,O3,78.26629268292682,261.58686178861785,88.93781312195122
20,2016-01-21,28.628048780487806,O3,54.777398373983736,259.2456910569106,89.67495419512194
21,2016-01-22,30.81320867208672,O3,44.20123577235773,258.823837398374,90.45735107317074
22,2016-01-23,30.435317073170733,O3,49.09269918699187,259.951918699187,90.45487406504066
23,2016-01-24,28.39793495934959,O3,49.63102439024391,259.1167804878049,90.19636827642276
24,2016-01-25,33.25337398373984,O3,46.33369105691057,259.5758211382114,89.4784956097561
25,2016-01-26,35.45819512195122,O3,45.502504065040654,260.53772357723574,88.66554580487805
26,2016-01-27,33.87355284552846,O3,45.28538211382114,260.40178861788615,88.35031881300813
27,2016-01-28,33.23487804878049,O3,50.13159349593496,261.177837398374,88.49956032520326
28,2016-01-29,31.67860975609756,O3,60.706731707317076,261.6770243902439,88.67061430894309
29,2016-01-30,27.307195121951217,O3,59.55930081300813,260.22144715447155,89.07590773983738
30,2016-01-31,27.11860975609756,O3,57.25837398373984,259.7038699186992,89.64203731707318
31,2016-02-01,27.692000000000004,O3,61.69239024390244,260.8642113821138,89.50538331707317
32,2016-02-02,27.85591869918699,O3,68.02027642276423,261.68879674796744,89.07206586991869
33,2016-02-03,27.372471544715445,O3,79.95435772357723,261.98416260162605,89.0863612195122
34,2016-02-04,27.922715447154474,O3,73.96334959349595,261.35461788617886,89.49270567479674
35,2016-02-05,28.88418699186992,O3,60.95691056910569,262.4502113821138,89.82803910569105
36,2016-02-06,29.038747967479672,O3,65.69985365853658,264.9685365853659,89.80165258536586
37,2016-02-07,31.438878048780488,O3,56.10313821138212,267.27773983739837,89.07170216260162
38,2016-02-08,32.02049593495935,O3,53.99211382113821,267.7475121951219,88.52398917073171
39,2016-02-09,32.648967479674795,O3,49.01113821138211,268.974081300813,88.0801134308943
40,2016-02-10,29.808252032520322,O3,59.147105691056915,267.6633658536586,87.80592261788618
41,2016-02-11,33.1939268292683,O3,60.36308943089431,261.1340325203252,88.77417388617886
42,2016-02-12,34.68039837398374,O3,51.67681300813008,257.5267967479675,89.48127489430895
43,2016-02-13,37.66913821138211,O3,46.45918699186992,259.1405528455285,89.58165091056911
44,2016-02-14,34.96910569105691,O3,43.30754471544715,261.3794471544715,89.67645580487805
45,2016-02-15,34.32931707317073,O3,37.36676422764228,263.18858536585367,89.56343014634146
46,2016-02-16,33.47142276422764,O3,33.97009756097561,265.2129268292683,89.20755936585365
47,2016-02-17,29.117195121951216,O3,40.577365853658534,265.3238861788618,89.05364318699188
48,2016-02-18,29.941105691056908,O3,54.73746341463415,263.60373983739834,89.6116254796748
49,2016-02-19,33.94068292682927,O3,41.443869918699185,265.24847154471547,89.9350585203252
50,2016-02-20,33.40011382113821,O3,31.22839024390244,267.1213333333333,88.64063339837398
51,2016-02-21,29.836674796747968,O3,42.082081300813,266.2532520325203,88.61150312195122
52,2016-02-22,33.65869105691057,O3,45.91091056910569,265.4739837398374,89.2417174796748
53,2016-02-23,34.93873983739837,O3,49.41213008130081,265.85577235772354,89.68013154471545
54,2016-02-24,36.74399999999999,O3,46.70512195121952,267.833756097561,89.60361209756097
55,2016-02-25,37.68075609756098,O3,40.06969105691057,270.6391056910569,89.67120790243902
56,2016-02-26,38.65178861788618,O3,33.835219512195124,273.1818861788618,89.20830125203253
57,2016-02-27,36.10648954703833,PM10,33.58728455284553,274.8430569105691,89.24894351219513
58,2016-02-28,34.51097677119628,PM10,31.994699186991866,276.5051707317074,89.40009352845529
59,2016-02-29,33.06534146341463,O3,48.11452032520325,275.31569105691057,89.07994590243904
60,2016-03-01,31.902520325203252,O3,58.48601626016261,275.5419837398374,89.05648450406504
61,2016-03-02,32.83469918699187,O3,38.76375609756097,277.5229430894309,88.36710326829268
62,2016-03-03,34.08847154471544,O3,52.4729918699187,271.42840650406504,88.5890676097561
63,2016-03-04,38.46465853658537,O3,38.8579837398374,265.73754471544714,89.37929123577236
64,2016-03-05,37.322682926829266,O3,34.81372357723577,268.8009430894309,88.55124832520326
65,2016-03-06,33.66971544715447,O3,42.535398373983746,271.37910569105696,88.35805203252032
66,2016-03-07,32.98708943089431,O3,46.53938211382114,270.852162601626,88.45797325203252
67,2016-03-08,33.47752032520325,O3,50.34933333333333,267.6644065040651,88.8323485691057
68,2016-03-09,33.79261788617887,O3,40.70346341463414,266.7512520325203,89.56487349593496
69,2016-03-10,33.431634146341466,O3,27.654780487804874,269.15840650406506,89.06303313821138
70,2016-03-11,33.77782926829268,O3,30.040682926829273,270.6200975609756,88.33391253658539
71,2016-03-12,37.50247154471545,O3,35.90069918699187,270.4763577235772,88.55563803252032
72,2016-03-13,38.41875609756097,O3,27.214634146341464,272.74626016260163,88.40957577235773
73,2016-03-14,37.22437398373983,O3,29.06156097560976,275.24814634146344,88.13724328455285
74,2016-03-15,34.94711382113821,O3,28.80227642276423,276.7808130081301,87.82120513821138
75,2016-03-16,41.35582926829268,PM10,46.50894308943089,275.9800487804879,87.96627165853658
76,2016-03-17,30.9779674796748,PM10,30.79078048780488,280.150162601626,87.42182988617887
77,2016-03-18,29.200487804878048,O3,36.665902439024386,279.9183577235772,87.62490424390244
78,2016-03-19,31.71160975609756,PM10,33.05452032520326,281.6800650406504,87.8807258211382
79,2016-03-20,50.950300813008134,PM10,42.891203252032525,280.78144715447155,88.1226391382114
80,2016-03-21,42.55269918699187,PM10,58.271577235772355,278.8880325203252,88.22200700813008
81,2016-03-22,31.10230894308943,O3,56.61969105691057,278.11895934959347,89.08382024390244
82,2016-03-23,35.45105691056911,O3,36.14274796747968,280.0521138211382,89.34864081300813
83,2016-03-24,33.47940650406504,O3,29.713008130081302,282.3155447154472,89.03555847154473
84,2016-03-25,34.569227642276424,PM10,31.349235772357723,283.15798373983733,88.95364738211381
85,2016-03-26,31.102894889663187,PM25,33.8209756097561,281.954081300813,88.85513107317074
86,2016-03-27,31.217747967479678,O3,47.792,281.56248780487806,88.62674274796748
87,2016-03-28,35.24578048780488,O3,43.59510569105691,282.4320000000001,88.66796027642276
88,2016-03-29,33.92966666666666,O3,33.10414634146342,284.8906666666667,88.14696069918699
89,2016-03-30,30.594048780487807,O3,36.24196747967479,285.4733495934959,87.78867855284554
90,2016-03-31,32.438886178861786,O3,41.1329105691057,283.98372357723576,87.8133721300813
91,2016-04-01,32.97130894308943,O3,33.651073170731706,283.6072195121951,88.02938276422765
92,2016-04-02,44.5021556329849,PM25,31.437138211382113,283.3201138211382,88.16549019512196
93,2016-04-03,28.650772357723582,O3,33.39590243902439,282.8659024390244,88.32237346341462
94,2016-04-04,31.03512195121951,O3,42.18411382113821,282.7316422764228,88.11444219512195
95,2016-04-05,32.83626016260163,O3,42.36117073170732,281.674487804878,88.21606936585366
96,2016-04-06,34.92542276422764,O3,38.54061788617886,281.682081300813,88.50102933333334
97,2016-04-07,37.15220325203253,O3,27.2,283.7562764227642,88.56831045528455
98,2016-04-08,36.84606504065041,O3,18.704975609756097,285.626,88.32987656910569
99,2016-04-09,36.915495934959345,O3,18.31869918699187,288.03499186991866,87.89794209756099
100,2016-04-10,38.65908130081301,PM10,42.79725203252032,284.5872682926829,88.15193466666666
101,2016-04-11,32.83675609756097,O3,42.16855284552846,281.18743089430893,88.369775300813
102,2016-04-12,37.44083739837398,O3,33.676146341463415,281.8223089430894,88.21310655284553
103,2016-04-13,38.757593495934955,O3,32.75121951219512,283.7790243902439,87.74665525203253
104,2016-04-14,35.059439024390244,O3,46.83791869918699,281.2424552845528,88.14802263414634
105,2016-04-15,38.80710569105691,O3,33.13517073170731,279.6307154471545,88.50759604878048
106,2016-04-16,40.25586991869919,O3,27.842699186991872,279.7505853658536,88.91670253658538
107,2016-04-17,42.120845528455284,O3,16.574764227642277,283.49209756097565,88.13340305691057
108,2016-04-18,39.46653600464576,PM25,20.267463414634143,285.581918699187,87.44501648780488
109,2016-04-19,38.08325203252033,O3,31.19964227642276,284.46938211382115,88.41405326829269
110,2016-04-20,40.8559593495935,O3,23.10508943089431,286.2420650406504,88.66246998373984
111,2016-04-21,41.33357723577236,O3,18.681235772357724,288.6500650406504,88.38307564227642
112,2016-04-22,41.85887804878049,O3,18.106471544715447,289.62647154471546,87.91104092682927
113,2016-04-23,38.325577235772364,O3,25.281056910569102,289.5108292682927,87.68110102439024
114,2016-04-24,33.58919512195123,O3,48.525138211382114,286.24325203252033,87.81172006504066
115,2016-04-25,33.40240650406504,O3,46.94365853658536,284.6269268292683,88.19279977235773
116,2016-04-26,36.78269918699186,O3,33.44744715447155,287.6505691056911,88.28118900813007
117,2016-04-27,37.720398373983734,O3,26.824536585365856,289.8228130081301,88.0226271707317
118,2016-04-28,35.37181300813008,O3,33.83123577235772,288.6287317073171,88.06929915447154
119,2016-04-29,35.358300813008135,O3,26.47863414634146,290.6609756097561,87.76281515447155
120,2016-04-30,34.302975609756096,O3,52.586617886178864,284.4598211382114,87.73731048780488
121,2016-05-01,38.32627642276423,O3,33.01952845528456,280.6364552845528,88.48861632520325
122,2016-05-02,37.79839024390244,O3,25.438845528455285,283.73910569105686,88.17386712195122
123,2016-05-03,35.26528455284553,O3,39.15695934959349,287.2988617886179,87.78499001626015
124,2016-05-04,34.814008130081305,O3,46.76360975609756,286.1063577235773,87.94711164227641
125,2016-05-05,51.76035365853659,PM25,26.255577235772357,286.8481951219512,88.18620650406504
126,2016-05-06,58.54711382113821,PM25,24.061317073170734,289.96491056910565,87.95288990243903
127,2016-05-07,33.16443089430894,O3,41.46287804878048,288.65762601626017,87.95754406504064
128,2016-05-08,36.03738211382114,O3,42.600325203252034,288.0404552845529,88.18745718699188
129,2016-05-09,37.4099837398374,O3,27.528162601626015,291.1118048780488,87.88871448780488
130,2016-05-10,34.9830975609756,O3,44.75486178861789,289.87237398373986,87.64725092682926
131,2016-05-11,38.24056910569106,O3,49.71330081300813,282.53978861788613,88.3500941788618
132,2016-05-12,41.81111111111112,O3,25.035186991869917,284.16790243902443,88.25962762601627
133,2016-05-13,68.02497096399536,PM25,29.32141463414634,284.2511382113821,88.39006819512196
134,2016-05-14,47.6910656213705,PM25,17.521154471544715,284.3463902439024,89.07880616260164
135,2016-05-15,78.98074274099883,PM25,8.614487804878049,289.37975609756097,88.25345486178863
136,2016-05-16,63.34599593495935,PM25,16.033560975609756,291.78980487804876,87.76053999999999
137,2016-05-17,62.79103077816493,PM25,24.263788617886178,293.3463577235772,87.32194294308943
138,2016-05-18,33.95369628339141,PM25,45.90011382113821,289.85848780487805,87.41754448780488
139,2016-05-19,39.54334959349593,O3,44.40609756097561,283.3208455284553,88.2070877886179
140,2016-05-20,40.19746341463414,O3,36.67365853658537,283.4582926829268,88.60192380487806
141,2016-05-21,43.549365853658536,O3,35.175642276422764,282.81252032520325,88.81773673170733
142,2016-05-22,45.40705962059621,O3,28.790097560975614,283.4499349593496,88.7533613495935
143,2016-05-23,46.004937669376694,O3,23.103756097560975,285.4376097560976,88.22274733333333
144,2016-05-24,44.43645528455284,O3,22.916552845528457,286.66969105691055,88.1449193495935
145,2016-05-25,43.515777777777785,O3,20.771674796747963,289.25751219512193,88.25315734959348
146,2016-05-26,50.04395934959349,O3,14.428829268292683,292.25839024390245,87.77391544715448
147,2016-05-27,46.17289972899728,O3,13.857414634146343,293.86767479674796,87.52176531707318
148,2016-05-28,41.58535714285714,PM25,30.73853658536585,292.45443902439024,87.6944049105691
149,2016-05-29,34.037008130081304,O3,38.49918699186992,291.7754796747967,87.61319260162603
150,2016-05-30,38.5780325203252,O3,35.729414634146345,291.1180325203252,87.68664733333333
151,2016-05-31,37.173959349593495,O3,30.02930081300813,293.1285528455285,87.82239949593495
152,2016-06-01,36.226918699186996,O3,40.888439024390244,292.3122113821138,87.92366798373985
153,2016-06-02,38.30723577235773,O3,39.915333333333336,292.92284552845524,87.77254159349593
154,2016-06-03,38.68710569105691,O3,30.07292682926829,294.92934959349594,87.7393913495935
155,2016-06-04,39.27182113821138,O3,25.743349593495935,296.4114959349593,87.94338453658537
156,2016-06-05,37.76281300813008,O3,33.58443902439024,296.2691056910569,88.01016800000001
157,2016-06-06,35.382593495934955,O3,41.14938211382114,294.8456585365854,88.21955396747967
158,2016-06-07,34.655626016260165,O3,39.68170731707317,295.6387154471545,88.1361269593496
159,2016-06-08,35.08711382113821,O3,33.61180487804879,296.85713821138216,87.90933170731708
160,2016-06-09,36.308439024390246,O3,25.869447154471548,297.551674796748,87.7544018211382
161,2016-06-10,37.15630081300813,O3,26.222276422764228,297.9903414634146,87.69780528455284
162,2016-06-11,36.426073170731705,O3,28.91817886178862,297.4120162601626,87.64599655284553
163,2016-06-12,35.476260162601626,O3,32.39191869918699,296.8658048780487,87.49924767479675
164,2016-06-13,40.37825783972125,PM25,30.465008130081305,296.93546341463417,87.6291102601626
165,2016-06-14,36.90546341463415,O3,23.746536585365853,297.2960650406504,87.96442050406505
166,2016-06-15,40.15355284552845,O3,17.82840650406504,298.43177235772356,87.82787863414634
167,2016-06-16,40.22249051490515,O3,17.52256910569106,299.64669918699184,87.17826435772359
168,2016-06-17,35.38081300813008,PM25,31.180227642276424,299.0795284552846,87.19746383739837
169,2016-06-18,32.44416260162602,O3,50.43222764227642,295.1377235772358,87.63852817886179
170,2016-06-19,34.917731707317074,O3,40.71024390243903,294.49747967479675,87.79769367479675
171,2016-06-20,36.97034959349593,O3,37.103756097560975,293.45113821138216,87.8737859186992
172,2016-06-21,37.961715447154475,O3,31.861365853658533,292.881756097561,87.75238700813009
173,2016-06-22,36.903609756097566,O3,28.85778861788618,293.70479674796746,87.80619404878048
174,2016-06-23,35.6810325203252,O3,22.831544715447155,296.74435772357725,87.73283855284551
175,2016-06-24,73.8413443670151,PM25,35.23014634146342,295.4666341463415,87.81472198373983
176,2016-06-25,33.88149593495935,O3,43.87448780487805,293.28869918699183,88.03133639024391
177,2016-06-26,36.62035772357723,O3,35.86770731707317,293.2269268292683,88.04517151219513
178,2016-06-27,38.121658536585365,O3,26.084195121951222,295.6472520325203,87.8086583089431
179,2016-06-28,40.35522764227642,O3,19.63691056910569,298.1259349593496,87.69927887804877
180,2016-06-29,36.39434146341463,O3,34.68234146341463,296.0907642276423,87.81312170731707
181,2016-06-30,38.99231707317073,O3,23.96730081300813,296.14087804878045,87.82040482926828
182,2016-07-01,40.45210569105691,O3,18.417658536585368,298.81839024390246,87.48216100813008
183,2016-07-02,39.62704878048781,O3,19.66928455284553,300.66993495934963,87.11327053658536
184,2016-07-03,37.346731707317076,O3,21.599853658536585,301.60715447154473,86.92158840650406
185,2016-07-04,33.93918699186992,O3,30.53372357723577,299.0892032520325,87.16277476422765
186,2016-07-05,35.99166666666667,O3,25.992081300813005,300.47024390243905,87.19482936585365
187,2016-07-06,39.0312543554007,PM25,32.37239024390244,300.6796097560976,87.24612699186993
188,2016-07-07,35.56664634146342,PM25,39.54224390243903,298.8586991869919,87.38987108943088
189,2016-07-08,28.750105691056913,O3,63.95186991869919,293.11398373983747,87.67497593495935
190,2016-07-09,32.51581300813008,O3,53.43091056910569,294.2337398373984,87.62933554471545
191,2016-07-10,33.91966666666667,O3,43.69871544715447,296.12274796747965,87.59369359349593
192,2016-07-11,36.84513008130081,O3,38.66242276422764,296.80052032520325,87.71705058536585
193,2016-07-12,37.42984552845528,O3,34.64260162601626,296.5028943089431,87.7828164715447
194,2016-07-13,37.13526829268293,O3,32.997674796747965,296.93747967479675,87.762452
195,2016-07-14,37.78406504065041,O3,28.994211382113825,298.3682276422764,87.53913092682927
196,2016-07-15,35.20336585365854,O3,28.67321951219512,298.927918699187,87.49809198373985
197,2016-07-16,33.55860975609757,O3,43.40991869918699,296.7811544715447,87.65209970731706
198,2016-07-17,36.614000000000004,O3,36.073300813008125,297.65078048780487,87.52847432520323
199,2016-07-18,39.17844715447155,O3,22.522373983739836,300.42121951219514,87.25854681300814
200,2016-07-19,35.18572357723578,O3,29.016780487804876,299.6239349593495,87.16146383739837
201,2016-07-20,32.732747967479675,O3,43.354357723577245,296.4267804878049,87.53819614634146
202,2016-07-21,34.71435772357724,O3,44.0189918699187,295.8406016260163,87.7006451707317
203,2016-07-22,35.82859349593496,O3,32.3590243902439,297.7210406504065,87.45386245528454
204,2016-07-23,36.82511382113822,O3,29.305414634146345,299.0811869918699,87.42105975609756
205,2016-07-24,33.984577235772356,O3,47.770764227642275,296.21108943089433,87.768416699187
206,2016-07-25,35.843333333333334,O3,46.674991869918706,295.5554634146341,87.96741786991869
207,2016-07-26,37.89892682926829,O3,30.69660162601626,298.30918699187,87.89243508943089
208,2016-07-27,37.69904878048781,O3,27.027577235772355,300.56255284552844,87.72333505691057
209,2016-07-28,35.46117886178862,O3,26.58352845528455,301.6678211382114,87.47602593495934
210,2016-07-29,32.792626016260165,O3,26.573756097560977,302.1205528455285,87.26654946341463
211,2016-07-30,32.02476422764227,O3,33.53552845528455,301.424162601626,87.37225780487805
212,2016-07-31,52.005334494773514,PM25,33.031268292682924,300.5399512195122,87.51841385365854
213,2016-08-01,88.18647909407665,PM25,29.653073170731705,300.9073495934959,87.36995674796748
214,2016-08-02,48.47883275261323,PM25,44.17030894308943,297.02582113821137,87.56323112195122
215,2016-08-03,32.63302845528455,PM25,42.36390243902439,297.5593170731707,87.60692206504065
216,2016-08-04,34.40477932636469,PM25,34.14536585365854,299.7596585365854,87.73240780487805
217,2016-08-05,34.4990569105691,O3,27.933121951219512,301.45112195121953,87.840473300813
218,2016-08-06,45.79396631823461,PM25,26.41554471544715,302.7882764227642,87.71289035772357
219,2016-08-07,66.6497793263647,PM25,37.512243902439025,301.2134959349593,87.51768396747968
220,2016-08-08,33.163203252032524,O3,55.36121951219513,296.4158536585366,87.61004954471544
221,2016-08-09,33.2060081300813,O3,56.05708943089431,292.82863414634147,87.91435707317072
222,2016-08-10,35.11342276422764,O3,35.89887804878048,293.1761138211382,88.01227131707317
223,2016-08-11,35.339065040650404,O3,29.818081300813013,295.79754471544715,87.89706367479674
224,2016-08-12,36.28854471544715,O3,25.951707317073172,297.76082926829264,87.8036992195122
225,2016-08-13,36.573829268292684,O3,28.922016260162604,298.1163577235772,87.76483448780488
226,2016-08-14,35.20836585365854,O3,27.973756097560976,298.20448780487806,87.73407372357724
227,2016-08-15,35.03478048780488,O3,25.106975609756095,298.823593495935,87.54098765853658
228,2016-08-16,31.920869918699186,O3,29.64678048780487,297.79367479674795,87.40246211382113
229,2016-08-17,32.978658536585364,O3,40.01559349593496,294.6350406504065,87.60173391869918
230,2016-08-18,33.82981300813008,O3,36.9670081300813,295.34547967479676,87.88239190243902
231,2016-08-19,33.7499756097561,O3,31.08570731707317,296.5589593495935,87.98980439024389
232,2016-08-20,34.66633333333333,O3,27.285495934959354,297.3275121951219,87.9348267804878
233,2016-08-21,33.9010243902439,O3,35.07850406504065,296.9104227642277,87.88828887804877
234,2016-08-22,33.4640406504065,O3,41.06554471544716,295.90445528455285,88.06109216260164
235,2016-08-23,31.950422764227646,O3,33.58905691056911,295.30430894308944,88.1885845691057
236,2016-08-24,31.826260162601628,O3,30.566341463414634,293.677756097561,88.4889741300813
237,2016-08-25,32.71954471544716,O3,28.156959349593492,294.7217398373984,88.57623193495934
238,2016-08-26,33.98909756097561,O3,27.191138211382114,296.30863414634143,88.442486
239,2016-08-27,32.89721951219512,O3,22.387056910569108,297.34377235772354,88.3613906504065
240,2016-08-28,32.410357723577235,O3,30.403284552845523,296.1825365853659,88.21013873170732
241,2016-08-29,34.84860975609755,O3,38.00738211382114,295.3369268292683,88.1082290081301
242,2016-08-30,34.75622764227642,O3,27.06869918699187,296.8610243902439,87.95309985365853
243,2016-08-31,33.77291056910568,O3,21.966048780487807,297.0853658536585,87.83990905691057
244,2016-09-01,32.057373983739836,O3,36.62385365853658,294.18876422764225,87.93644996747967
245,2016-09-02,34.83,O3,31.382373983739843,290.9287804878049,87.93045842276423
246,2016-09-03,37.94055284552845,O3,19.40239024390244,291.8366341463414,88.02747076422763
247,2016-09-04,37.61530894308943,O3,17.47230894308943,293.06803252032523,88.2128220487805
248,2016-09-05,39.18887804878048,O3,20.501772357723578,294.39248780487804,88.18534039024391
249,2016-09-06,37.38371544715447,O3,24.799056910569107,295.2613821138211,88.04448595121951
250,2016-09-07,34.84750406504065,O3,26.258666666666663,295.21629268292685,87.94043326829268
251,2016-09-08,34.549365853658536,O3,33.64086178861788,294.00640650406507,88.03374756097561
252,2016-09-09,36.48278048780488,O3,30.047105691056913,294.2092357723577,88.27347720325203
253,2016-09-10,34.800682926829275,O3,27.91863414634146,294.50312195121955,88.32601416260162
254,2016-09-11,33.55043902439024,O3,31.09312195121951,294.8664390243903,88.13373991869919
255,2016-09-12,32.640552845528454,O3,25.8460162601626,295.98453658536584,88.17310645528455
256,2016-09-13,33.83852845528455,O3,21.282276422764227,296.4462926829268,88.11911466666666
257,2016-09-14,33.94463414634146,O3,28.63551219512195,294.77193495934955,88.35416107317073
258,2016-09-15,33.02603252032521,O3,42.486715447154474,292.4163414634146,88.34237757723578
259,2016-09-16,34.99397560975609,O3,28.839040650406506,292.60331707317073,88.17210411382115
260,2016-09-17,36.83173983739837,O3,23.30159349593496,293.4651869918699,88.27027131707317
261,2016-09-18,37.15830081300813,O3,22.557723577235773,293.9822601626017,88.50654596747967
262,2016-09-19,37.256552845528454,O3,24.980504065040652,294.46869918699184,88.42240679674796
263,2016-09-20,37.444325203252035,O3,27.495414634146343,294.8769105691057,88.29845110569107
264,2016-09-21,35.93343089430894,O3,28.915918699186992,295.0068455284553,88.22372642276423
265,2016-09-22,34.850422764227645,O3,35.62983739837398,293.80759349593495,88.24988154471546
266,2016-09-23,33.65209756097561,O3,34.020910569105695,291.6549756097561,88.08206492682926
267,2016-09-24,33.00247967479675,O3,38.070422764227644,290.7589593495935,87.756562699187
268,2016-09-25,32.83182113821138,O3,38.32289430894309,288.11599999999993,87.89055556097561
269,2016-09-26,32.75158536585366,O3,31.92738211382114,287.72848780487806,88.29960260162602
270,2016-09-27,31.016504065040653,O3,32.93655284552846,288.8900487804878,88.38142035772357
271,2016-09-28,32.49657723577235,O3,33.25240650406504,288.588162601626,88.3242348292683
272,2016-09-29,33.05413008130081,O3,29.246016260162605,289.03362601626014,88.17846372357724
273,2016-09-30,35.01126016260162,O3,28.275479674796753,289.9749756097561,88.06058001626015
274,2016-10-01,34.617634146341466,O3,28.458243902439023,290.8043577235772,88.17423414634146
275,2016-10-02,32.154081300813004,O3,36.918747967479675,288.9052845528455,88.14711365853658
276,2016-10-03,30.967609756097563,O3,62.36960975609757,282.36723577235773,88.56482141463415
277,2016-10-04,31.434642276422764,O3,58.81214634146342,280.5234146341463,88.8313907804878
278,2016-10-05,33.083951219512194,O3,50.563430894308944,279.8146829268293,88.68447243902438
279,2016-10-06,35.46070731707317,O3,53.94907317073171,278.81608130081304,88.95118926829268
280,2016-10-07,37.80769918699187,O3,38.41521951219512,279.47643902439023,88.97006569105692
281,2016-10-08,38.764219512195126,O3,26.336325203252034,281.44162601626016,88.68504939837398
282,2016-10-09,35.479691056910575,O3,33.459398373983746,281.9977235772357,88.57489445528456
283,2016-10-10,34.36451219512195,O3,33.34975609756097,282.5511056910569,88.3741873495935
284,2016-10-11,34.76233333333333,O3,33.379560975609756,283.7766178861788,88.63208406504066
285,2016-10-12,32.9449268292683,O3,30.042178861788617,285.6906016260162,88.40258695934959
286,2016-10-13,31.763991869918705,O3,26.917837398373987,286.52866666666665,88.0785118699187
287,2016-10-14,30.569520325203246,O3,30.878813008130077,286.4360975609756,88.03127931707317
288,2016-10-15,30.87534959349594,O3,44.51141463414634,280.7990569105691,88.75347803252032
289,2016-10-16,31.5099837398374,O3,30.337642276422766,283.2756747967479,88.6115853495935
290,2016-10-17,32.706788617886176,O3,27.47730081300813,284.96520325203255,88.15570674796749
291,2016-10-18,29.264991869918695,O3,37.701723577235775,283.9944715447154,88.29157369105691
292,2016-10-19,29.16510569105691,O3,42.18281300813008,282.93508943089427,87.86276273170732
293,2016-10-20,32.50816260162602,O3,37.89715447154472,278.7788943089431,88.46809396747969
294,2016-10-21,32.23665040650407,O3,27.018048780487803,280.57455284552844,88.45671105691056
295,2016-10-22,29.911292682926828,O3,27.662552845528456,280.9715447154472,88.33071816260163
296,2016-10-23,28.385048780487807,O3,42.76982113821138,278.8228617886179,88.46387481300813
297,2016-10-24,29.172211382113822,O3,51.48980487804877,276.23923577235774,88.42011222764228
298,2016-10-25,29.94534146341464,O3,48.30590243902439,274.1154796747968,88.41753170731707
299,2016-10-26,31.003154471544715,O3,48.63665040650407,272.91403252032524,88.86648876422764
300,2016-10-27,33.34165040650406,O3,50.1349918699187,270.02869918699184,89.80436115447154
301,2016-10-28,33.26273983739837,O3,42.765447154471545,270.0128943089431,89.56709315447155
302,2016-10-29,32.41613008130081,O3,50.12443902439024,271.25640650406507,88.93556421138211
303,2016-10-30,33.45176422764227,O3,41.32874796747968,271.9109430894309,89.18093754471545
304,2016-10-31,29.644097560975613,O3,38.18404878048781,273.7945365853659,89.22183461788619
305,2016-11-01,32.14417073170732,O3,37.05808130081301,276.1531869918699,89.24363321951219
306,2016-11-02,33.234926829268296,O3,32.2170081300813,278.6208455284553,88.96183990243902
307,2016-11-03,31.7100569105691,O3,30.5600325203252,280.6135447154472,88.52964614634146
308,2016-11-04,31.20326829268293,O3,30.992682926829268,281.59531707317075,87.91348624390244
309,2016-11-05,29.229772357723572,O3,56.444357723577234,275.48658536585367,88.59030162601626
310,2016-11-06,30.98947967479675,O3,56.06183739837398,271.9916422764228,89.42059894308943
311,2016-11-07,33.1650243902439,O3,36.948699186991874,274.34237398373983,89.39985962601627
312,2016-11-08,31.22950406504065,O3,35.15344715447155,273.91822764227646,89.22661255284552
313,2016-11-09,28.977195121951215,O3,52.32939837398374,272.1038861788618,89.18585318699188
314,2016-11-10,29.545764227642277,O3,40.6309756097561,274.4840487804878,88.47184247154472
315,2016-11-11,27.941967479674794,O3,55.000016260162596,274.85795121951224,88.21707713821138
316,2016-11-12,28.19959349593496,O3,46.148471544715456,275.58042276422765,88.02430845528455
317,2016-11-13,28.595894308943087,O3,51.33453658536585,272.9050406504065,88.56645822764227
318,2016-11-14,30.18519512195122,O3,47.65050406504065,274.70591869918695,88.4893480813008
319,2016-11-15,30.671195121951225,O3,48.81660162601626,275.24045528455287,88.34244991869917
320,2016-11-16,28.74009756097561,O3,39.768747967479676,276.3451382113821,88.14589702439024
321,2016-11-17,25.985642276422762,O3,40.20551219512195,275.9531382113821,87.91006975609756
322,2016-11-18,31.32689430894309,O3,57.89969105691056,269.3432195121951,88.43539710569105
323,2016-11-19,32.08465040650407,O3,42.83004878048781,266.214,88.68094401626017
324,2016-11-20,30.733853658536585,O3,46.050439024390236,267.04525203252035,88.53237964227642
325,2016-11-21,28.683756097560973,O3,49.559869918699185,265.51076422764226,89.46589248780488
326,2016-11-22,25.401040650406507,O3,46.355154471544715,264.71588617886175,89.69333487804879
327,2016-11-23,27.425772357723574,O3,40.492943089430895,265.3128130081301,89.45978941463414
328,2016-11-24,28.901536585365854,O3,43.2699837398374,266.20372357723573,89.00497258536586
329,2016-11-25,27.997504065040644,O3,51.539658536585364,266.6776260162602,89.30577887804877
330,2016-11-26,31.85463414634146,O3,41.73907317073171,269.61517073170734,88.79130611382115
331,2016-11-27,32.94614634146341,O3,38.26744715447155,269.5067479674797,88.84624357723577
332,2016-11-28,29.543065040650408,O3,60.18318699186991,267.2592032520326,89.33430814634146
333,2016-11-29,30.0530162601626,O3,45.78676422764228,269.15160975609757,89.54709076422763
334,2016-11-30,34.0779674796748,O3,30.090016260162596,271.50315447154475,89.22184313821138
335,2016-12-01,34.248764227642276,O3,28.729300813008123,270.5380325203252,89.08724551219512
336,2016-12-02,30.683764227642275,O3,33.65611382113821,269.3662113821138,89.16904710569106
337,2016-12-03,29.56306504065041,O3,32.354032520325205,270.7199349593496,88.86349517073171
338,2016-12-04,26.078008130081304,O3,41.45765853658536,271.6678699186992,88.67039798373985
339,2016-12-05,25.237430894308943,O3,49.10256910569105,272.06957723577233,89.22670216260163
340,2016-12-06,26.01910569105691,O3,51.45866666666667,272.22333333333336,89.10122603252033
341,2016-12-07,26.577674796747967,O3,50.436032520325206,272.0501951219512,88.8306501300813
342,2016-12-08,25.470154471544717,O3,50.65245528455284,272.3858699186992,88.35572344715447
343,2016-12-09,26.347308943089434,O3,56.673756097560975,272.72320325203253,88.53663632520326
344,2016-12-10,26.346463414634147,O3,50.612861788617884,272.98947967479677,88.00101918699188
345,2016-12-11,24.94914634146341,O3,56.31167479674796,271.18175609756105,88.11226017886179
346,2016-12-12,26.13782926829268,O3,62.80091056910569,270.97076422764223,88.63488030894308
347,2016-12-13,26.647585365853658,O3,57.4810081300813,270.7592357723577,88.98556338211382
348,2016-12-14,27.456837398373988,O3,56.87884552845528,270.2076260162602,89.41894700813008
349,2016-12-15,27.077463414634146,O3,50.09439024390244,271.42912195121954,89.15430874796748
350,2016-12-16,29.026252032520325,O3,50.00281300813008,270.939756097561,88.72929801626016
351,2016-12-17,29.143707317073165,O3,45.292325203252034,271.4855772357724,88.40990304065042
352,2016-12-18,27.776268292682925,O3,46.330813008130086,270.36040650406505,88.47832530081301
353,2016-12-19,26.97143902439024,O3,44.93078048780488,270.1445691056911,88.48039630894309
354,2016-12-20,24.222040650406505,O3,60.689219512195116,267.9464552845529,89.10424266666668
355,2016-12-21,27.100024390243902,O3,49.972601626016264,267.9638699186992,89.28897733333335
356,2016-12-22,27.798869918699186,O3,42.667382113821134,268.71629268292685,88.71223871544717
357,2016-12-23,24.87428455284553,O3,47.873463414634145,268.71082926829274,88.39832751219512
358,2016-12-24,22.42569918699187,O3,60.017658536585365,266.7650569105691,88.41140362601625
359,2016-12-25,24.68517073170732,O3,61.58237398373984,263.29266666666666,89.55358487804878
360,2016-12-26,27.08647967479675,O3,49.58640650406504,265.0145528455285,89.51670286178863
361,2016-12-27,29.89685365853659,O3,42.79689430894309,266.13338211382114,88.88399079674797
362,2016-12-28,29.786560975609756,O3,44.356146341463415,266.1023739837399,89.16618538211384
363,2016-12-29,28.95215447154471,O3,46.85183739837399,266.3010081300813,88.85585543089431
364,2016-12-30,27.937252032520323,O3,49.23614634146341,266.7061463414634,88.71242373983739
365,2016-12-31,24.17450406504065,O3,66.05443902439023,265.82626016260156,88.92207468292683
